-0.6675785031157563,0.4957796136499646,0.0061592654512093,-0.0097085046572214,0.0065806243877316,0.3060795691504678
-0.6675785031157562,0.4957796136499646,0.0005664323844106,-0.0026920902500714,0.0383540892924223,0.3784400296973715
-0.6675785031157562,0.4957796136499646,0.0154533573288759,-0.056998523377867,-0.0217149932116734,0.5812640614928166
-0.6675785031157562,0.4957796136499646,0.0162602350766035,-0.0785615439403229,-0.1014933695510893,0.6301602994527971
-0.6675785031157562,0.4957796136499646,0.0096597428070706,-0.0256409249656446,0.0106920021266708,0.6960711431488361
-0.6675785031157562,0.4957796136499646,0.0096190027682056,-0.0513559244544991,0.0279840048086389,0.7124508415959033
-0.6675785031157562,0.4957796136499646,0.006651228705577,0.0584478563289127,0.0447324999500273,0.6701482700194971
-0.6675785031157562,0.4957796136499646,0.0024476325417825,0.0771480020984741,0.0930463921143434,0.3308672307734918
-0.6675785031157562,0.4957796136499646,0.0051738440320964,-0.0100125825252392,0.1443646461602827,0.0622175384156698
-0.6675785031157562,0.4957796136499646,0.0176833303480544,0.0361854412805412,0.1625254819729771,0.0550697491263264
-0.6675785031157562,0.4957796136499646,0.0176354656662861,0.0054130661090838,0.1132135527117732,0.0665126740827315
-0.6675785031157562,0.4957796136499646,0.0153215852014788,0.1153496600390734,0.1554932829321211,0.0570444057701036
-0.6675785031157562,0.4957796136499646,0.0248111198048747,0.1117793576149414,0.0958802883441776,0.0678838961611236
-0.6675785031157562,0.4957796136499646,0.0269856630364201,0.1439334479521983,0.0077697763166096,0.2684501463693003
-0.6675785031157562,0.4957796136499646,0.0315306600452409,0.1822346138424199,0.0528363115343604,0.295165888419067
-0.6675785031157562,0.4957796136499646,0.0339984521615731,0.1276679157905959,-0.0487139775779029,0.3679808243697656
-0.6675785031157562,0.4957796136499646,0.0256298385557274,0.180307999077983,-0.1366893144745001,0.5715786936914967
-0.6675785031157562,0.4957796136499646,0.0372556106794467,0.1312311567934037,-0.3294902270853124,0.8980555957881108
-0.6675785031157562,0.4957796136499646,0.0505175292672224,0.144441250856172,-0.3340708143914657,0.8789338923913941
-0.6675785031157562,0.4957796136499646,0.0495968101973412,0.2275490764989315,-0.2871287678336379,0.9458390420405428
-0.6675785031157562,0.4957796136499646,0.0384368522817944,0.238642934554655,-0.2795977888752824,0.8975294855878608
-0.6675785031157562,0.4957796136499646,0.0582726812944854,0.2379915904234677,-0.2529062320809246,0.9987315919461232
-0.6675785031157562,0.4957796136499646,0.0544124626361532,0.2057832864911366,-0.3440613404329968,1.1032757701934501
-0.6675785031157562,0.4957796136499646,0.032357715058401,0.1806167594851212,-0.2131702228332336,0.7350148067250094
-0.6675785031157562,0.4957796136499646,0.0263836488525892,0.1525156578674034,-0.2056280878019041,0.7148390190419863
-0.6675785031157562,0.4957796136499646,0.0271214273059089,0.1482530684360111,-0.26111044851917,0.8980459220037313
-0.6675785031157562,0.4957796136499646,0.0149466407444825,0.0638603624215365,-0.2745514897374884,0.7659695619611748
-0.6675785031157562,0.4957796136499646,0.0202994740814509,0.2000685945530908,-0.1707040126461869,0.8420609988392914
-0.6675785031157562,0.4957796136499646,0.0373888193306005,0.2306628040078515,-0.2248100862456303,0.9755571473675768
-0.6675785031157562,0.4957796136499646,0.0435425008527636,0.2477748168883437,-0.2465156847055133,1.0185308866705607
-0.6675785031157562,0.4957796136499646,0.0344698724996503,0.3022149445416059,-0.1702570644711075,0.9913777943240228
-0.6675785031157562,0.4957796136499646,0.0431095177250185,0.3348241555580505,-0.2558364659051077,1.214374287127754
-0.6675785031157562,0.4957796136499646,0.046340458591592,0.3076707547956418,-0.225548377844928,1.0984104704261
-0.6675785031157562,0.4957796136499646,0.0423262323367773,0.2270106114351131,-0.2368428411183459,0.8762798228215815
-0.6675785031157562,0.4957796136499646,0.0412380388761476,0.2260492662066653,-0.2957506877705177,0.878327467315346
-0.6675785031157562,0.4957796136499646,0.0445756195851336,0.2473722794344781,-0.2832583589280291,0.9562940551579996
-0.6675785031157562,0.4957796136499646,0.0348524256839528,0.1664595113673654,-0.3028056694001542,0.8282747896282772
-0.6675785031157562,0.4957796136499646,0.0287101756713562,0.0961128634040137,-0.3374382286722184,0.7903284983129631
-0.6675785031157562,0.4957796136499646,0.0332319688392482,0.1031832417679915,-0.2715662924195101,0.593748055297535
-0.6675785031157562,0.4957796136499646,0.0256541089955489,0.1021086945480005,-0.3396284922509006,0.7872671921079305
-0.6675785031157562,0.4957796136499646,0.0265641387555869,0.1950385840690535,-0.3018446220469135,1.022544663082652
-0.6675785031157562,0.4957796136499646,0.028709244391075,0.1728965245058482,-0.3285737187662853,1.065392553196305
-0.6675785031157562,0.4957796136499646,0.0331761891812756,0.2459008341978983,-0.2778927579655414,1.1617820269802557
-0.6675785031157562,0.4957796136499646,0.0342384715265234,0.2062297377309645,-0.2154387219680824,1.0954258700002952
-0.6675785031157562,0.4957796136499646,0.0293436858990549,0.1551101787362127,-0.2310928446471315,1.089020940931704
-0.6675785031157562,0.4957796136499646,0.0271234893555532,0.1493435006577835,-0.2480888941716208,0.92706867898372
-0.6675785031157562,0.4957796136499646,0.0268101076559416,0.1264595105932562,-0.2489201926303402,0.825459381847533
-0.6675785031157562,0.4957796136499646,0.0187121309869843,0.1698162863466521,-0.222544276362912,0.8702370219798069
-0.6675785031157562,0.4957796136499646,0.0239239183564675,0.0959868996770075,-0.2913593618705193,0.8925783892843872
-0.6675785031157562,0.4957796136499646,0.0174277280148297,0.097946857207638,-0.3094844372574288,0.8571301849084212
-0.6675785031157562,0.4957796136499646,0.0261593026729376,0.1108873036798862,-0.2506771047845732,0.8087472037154102
-0.6675785031157562,0.4957796136499646,0.0222578842934663,0.0656926298604987,-0.2694935075950535,0.8611560762378166
-0.6675785031157562,0.4957796136499646,0.0198645787842621,0.072131719737137,-0.2683139020813548,0.694227088992668
-0.6675785031157562,0.4957796136499646,0.0190506576703799,0.030171921532934,-0.3234546226867535,0.592845388066546
-0.6675785031157562,0.4957796136499646,0.0194545039613102,0.1814312115592128,-0.1307252998347989,0.3237933631795117
-0.6675785031157562,0.4957796136499646,0.0269916697372791,0.1277923282764042,-0.305174315391476,0.4457148828910539
-0.6675785031157562,0.4957796136499646,0.0197770597965958,0.1446264614945424,-0.2189735178933372,0.8462635956179771
-0.6675785031157562,0.4957796136499646,0.0192465231054527,0.0749663884162979,-0.2457152223802489,0.7845377519010925
-0.6675785031157562,0.4957796136499646,0.0157905766655317,0.0559389612358767,-0.326568698635042,0.7646893633949581
-0.6675785031157562,0.4957796136499646,0.0059951791531261,-0.0106493372216396,-0.3527183545142787,0.6684790290986706
-0.6675785031157562,0.4957796136499646,-0.0011189675624706,0.0553842500199461,-0.3433109734218556,0.6323775345608326
-0.6675785031157562,0.4957796136499646,0.0117514394903336,0.0599643056327858,-0.3021739692509997,0.6300969661423366
-0.6675785031157562,0.4957796136499646,0.0158778555716225,0.0218776747967451,-0.3886684502337559,0.673912294787734
-0.6675785031157562,0.4957796136499646,0.0129080293598002,0.0030203481371237,-0.4242189391929647,0.7222881042244594
-0.6675785031157562,0.4957796136499646,0.0100203484595736,0.0439274036574746,-0.3617334922883415,0.5973155552460495
-0.6675785031157562,0.4957796136499646,-0.0035168515341092,0.0228115795989629,-0.3206137624965425,0.5481495343662045
-0.6675785031157562,0.4957796136499646,-0.0117376421729312,0.0506968715637207,-0.3164364303670826,0.6460400656689627
-0.6675785031157562,0.4957796136499646,-0.0106977586791014,0.1439302645160629,-0.1090367262531448,0.4300118520218289
-0.6675785031157562,0.4957796136499646,-0.0115034945824109,0.0107817629979889,-0.3560947968109245,0.500306279192977
-0.6675785031157562,0.4957796136499646,-0.0069505699270826,0.1067950950606957,-0.2104876278470311,0.4393939031822073
-0.6675785031157562,0.4957796136499646,-0.0110244387607878,0.0289510274010026,-0.3623643808277715,0.6878399423494163
-0.6675785031157562,0.4957796136499646,-0.0114924045485443,0.0344522100072075,-0.2535384528774321,0.6048239238583694
-0.6675785031157562,0.4957796136499646,-0.0112524214448133,0.0038628994465906,-0.2364182083402285,0.3928678644613908
-0.6675785031157562,0.4957796136499646,-0.0101033934728152,-0.0409192807562041,-0.2932817294592987,0.4316678367766992
-0.6675785031157562,0.4957796136499646,-0.0094450906002875,-0.0849557261394261,-0.2785997078057817,0.515436186839457
-0.6675785031157562,0.4957796136499646,-0.0055352711223161,-0.1521767668611741,-0.3167544614675265,0.4806715940774181
-0.6675785031157562,0.4957796136499646,0.0019074275988173,-0.1104323329689754,-0.2928804900831185,0.4469814171166162
-0.6675785031157562,0.4957796136499646,-0.0002231564564576,-0.1433367012557351,-0.4112054212824885,0.5646884990086486
-0.6675785031157562,0.4957796136499646,-0.0061236238625719,-0.226784515999738,-0.5168627095715278,0.6462790258464937
-0.6675785031157562,0.4957796136499646,0.001993789900658,-0.2177586322766341,-0.4424840715527955,0.502932906812174
-0.6675785031157562,0.4957796136499646,0.0069012239697468,-0.2136732459888098,-0.4289606754903226,0.5149757281430247
-0.6675785031157562,0.4957796136499646,0.0028152095682754,-0.2341415066035068,-0.4183986698946449,0.4610856935694835
-0.6675785031157562,0.4957796136499646,0.0078632617017353,-0.2536386555545741,-0.5097390926396224,0.5411981792642083
-0.6675785031157562,0.4957796136499646,0.006210267083905,-0.2824453122829413,-0.7218318244504167,0.6052715036154949
-0.6675785031157562,0.4957796136499646,0.0208060217393418,-0.1934230752586412,-0.5162104082558125,0.5548977273988358
-0.6675785031157562,0.4957796136499646,0.0143938284466277,-0.2181491092264565,-0.5391413584957113,0.5222274925941625
-0.6675785031157562,0.4957796136499646,0.0166765146817615,-0.1544036097532286,-0.3511786197497664,0.4748076858196649
-0.6675785031157562,0.4957796136499646,0.0037948386111352,-0.1869804337098021,-0.3474490996336627,0.465322118814736
-0.6675785031157562,0.4957796136499646,-0.0026394881751983,-0.2525270443355374,-0.4804621798180193,0.4290604770725364
-0.6675785031157562,0.4957796136499646,0.0041059018296637,-0.2336512117098446,-0.4013751911545005,0.3582976512860773
-0.6675785031157562,0.4957796136499646,0.0042899718929203,-0.2499741088855782,-0.5116588782441718,0.4212526329326434
-0.6675785031157562,0.4957796136499646,0.0005572093785243,-0.3051508392471602,-0.642596646495035,0.5321956745549298
-0.6675785031157562,0.4957796136499646,-0.0014811727565125,-0.3011825452071868,-0.6453365531268702,0.4042606618912176
-0.6675785031157562,0.4957796136499646,-0.0005227339820804,-0.293158923327536,-0.664722252640495,0.494106963175606
-0.6675785031157562,0.4957796136499646,0.0062387015532845,-0.2848174292679767,-0.6760938297952891,0.496553046316451
-0.6675785031157562,0.4957796136499646,0.0175199669671905,-0.2435987430480193,-0.6989323660629299,0.4369762805740704
-0.6675785031157562,0.4957796136499646,0.0176051032687625,-0.2284422595568496,-0.6820985933447095,0.4234282556703682
-0.6675785031157562,0.4957796136499646,0.0340253794504818,-0.0845105547514904,-0.423771056455246,0.2934971924734171
-0.6675785031157562,0.4957796136499646,0.0215497741837961,-0.1336178668923634,-0.5250430094726047,0.3302411116840229
-0.6675785031157562,0.4957796136499646,0.0157997502422005,-0.1739263122243656,-0.5887002219418349,0.3998548668991537
-0.6675785031157562,0.4957796136499646,0.019980157679945,-0.157311774613006,-0.6056555690087492,0.3543550788726898
-0.6675785031157562,0.4957796136499646,0.0335578522994746,-0.1512349236000668,-0.5138251577969902,0.3508424993114615
-0.6675785031157562,0.4957796136499646,0.0191756815832753,-0.2210622625630542,-0.515985324262959,0.3234638065099444
-0.6675785031157562,0.4957796136499646,0.0269447197809834,-0.2558653660214383,-0.6776997444438769,0.4964888803637325
-0.6675785031157562,0.4957796136499646,0.0190209304180432,-0.3019844820583019,-0.778409921666901,0.5658939127856955
-0.6675785031157562,0.4957796136499646,0.0182755570120754,-0.3195300657843324,-0.8174744027260992,0.5824847503104895
-0.6675785031157562,0.4957796136499646,0.0239924500197597,-0.3254769622591245,-0.9000354313348994,0.5699820206285029
-0.6675785031157562,0.4957796136499646,0.0348739591514109,-0.2699955729949348,-0.7491359285777948,0.4600716392333731
-0.6675785031157562,0.4957796136499646,0.0335658072167754,-0.301124905353781,-0.862366355586286,0.5216005725731404
-0.6675785031157562,0.4957796136499646,0.0269609351165477,-0.3117113597237458,-0.8564623650633341,0.5441198067487277
-0.6675785031157562,0.4957796136499646,0.0221772724484358,-0.3491623822476236,-0.8333587704734651,0.5297478803911825
-0.6675785031157562,0.4957796136499646,0.0237829500024671,-0.3254508564814311,-0.6915850603609308,0.46265557502719
-0.6675785031157562,0.4957796136499646,0.0321491553413291,-0.2959507406528203,-0.6793774270177624,0.4530966661575295
-0.6675785031157562,0.4957796136499646,0.0166690306111071,-0.3284534392504771,-0.6464527656720441,0.4590084501168156
-0.6675785031157562,0.4957796136499646,0.0325906061194267,-0.2837470939926015,-0.6455176256746029,0.4339308345319783
-0.6675785031157562,0.4957796136499646,0.0217598112652486,-0.3503291613743305,-0.7353839291426678,0.4528896199026042
-0.6675785031157562,0.4957796136499646,0.0311853435233293,-0.3446246207119104,-0.6833469032358012,0.4648494299611842
-0.6675785031157562,0.4957796136499646,0.0418086800428012,-0.2958856277457475,-0.5360936459947485,0.4487707126847794
-0.6675785031157562,0.4957796136499646,0.0341799847474776,-0.3326619373920858,-0.731375780327378,0.4535468037244032
-0.6675785031157562,0.4957796136499646,0.0358919372166673,-0.3501980672577584,-0.9393905939706636,0.5147849745699487
-0.6675785031157562,0.4957796136499646,0.0327598087413822,-0.3600155341555206,-1.0793216887160992,0.5468287182823789
-0.6675785031157562,0.4957796136499646,0.0229203124808388,-0.3148283276654834,-0.8987133880478388,0.5690899684065762
-0.6675785031157562,0.4957796136499646,0.0291186519692089,-0.3481192025101632,-0.9946476409716084,0.5294077252148757
-0.6675785031157562,0.4957796136499646,0.0345336389841778,-0.3399976022102953,-0.9943431865232404,0.5044505561694838
-0.6675785031157562,0.4957796136499646,0.0193465113297354,-0.3295660535806754,-0.8973115924946786,0.5011337692589916
-0.6675785031157562,0.4957796136499646,0.0353149796406129,-0.2364338505596718,-0.7177835650333145,0.4507767516507627
-0.6675785031157562,0.4957796136499646,0.0250854884356295,-0.2520610485232587,-0.807336398915034,0.4479520667826687
-0.6675785031157562,0.4957796136499646,0.0254192984158957,-0.3492681238322271,-0.9786249133517444,0.574865301324329
-0.6675785031157562,0.4957796136499646,0.0261322831540514,-0.3362275920145124,-1.0546779102680488,0.5577139017842213
-0.6675785031157562,0.4957796136499646,0.0287000977091876,-0.318108350234608,-1.0226887222387568,0.5827468134078517
-0.6675785031157562,0.4957796136499646,0.0376044218655389,-0.2786698718028322,-0.950195768236832,0.4916021338402633
-0.6675785031157562,0.4957796136499646,0.0415555631731721,-0.3090243284477304,-1.0145793058150236,0.5052533208496572
-0.6675785031157562,0.4957796136499646,0.0335836857572565,-0.3657235755583861,-1.180921551620894,0.5809313582834531
-0.6675785031157562,0.4957796136499646,0.0386325600444489,-0.3534740539882524,-1.0908628136293508,0.5991749435746793
-0.6675785031157562,0.4957796136499646,0.0287091911491446,-0.3377147518952612,-0.9804024358227424,0.5104462522479741
-0.6675785031157562,0.4957796136499646,0.0228928667040395,-0.3575986270360036,-0.9851775018135964,0.6163729621331718
-0.6675785031157562,0.4957796136499646,0.0245726866267675,-0.3290694957149792,-0.8743432815872554,0.525133592322161
-0.6675785031157562,0.4957796136499646,0.0266457666164979,-0.2710100685662228,-0.7617113116439912,0.4712066720130896
-0.6675785031157562,0.4957796136499646,0.0186250685981289,-0.3228908351397243,-0.8832163814265331,0.5386099005302294
-0.6675785031157562,0.4957796136499646,0.012512723377062,-0.3672874877387389,-0.9846417745407404,0.5883246081087165
-0.6675785031157562,0.4957796136499646,0.0169731785696926,-0.3656315776496226,-0.9232010383875948,0.5167443155798918
-0.6675785031157562,0.4957796136499646,0.0322002714412664,-0.3701143850287306,-0.9119117044432572,0.4566521302209493
-0.6675785031157562,0.4957796136499646,0.0392918788867345,-0.3804911786722953,-0.9957989485778747,0.4752730806697824
-0.6675785031157562,0.4957796136499646,0.0321621002915199,-0.3960625916774543,-1.0131399200815043,0.425343389268153
-0.6675785031157562,0.4957796136499646,0.0342316739477096,-0.3745617166155858,-1.0723572925004723,0.5615852680395553
-0.6675785031157562,0.4957796136499646,0.0386116046690917,-0.3521864549176542,-0.9717543848431428,0.5088219669439982
-0.6675785031157562,0.4957796136499646,0.028975459341995,-0.3722825327688737,-1.033616490801054,0.5006961375584243
-0.6675785031157562,0.4957796136499646,0.0165659993974453,-0.364980279142064,-0.9970564591112688,0.5511548164140035
-0.6675785031157562,0.4957796136499646,0.0158667077690191,-0.3533704924575453,-0.9245588438518914,0.5173196434276994
-0.6675785031157562,0.4957796136499646,0.0236949179231141,-0.3495770937815812,-0.9521762319887777,0.5572220591757124
-0.6675785031157562,0.4957796136499646,0.0174817852822178,-0.3509431143897323,-1.0079258553872936,0.6173058789404641
-0.6675785031157562,0.4957796136499646,0.0254160852639939,-0.3454021555752127,-1.044191856246764,0.6320459888409977
-0.6675785031157562,0.4957796136499646,0.0326279637132367,-0.3511359595253591,-1.03050843370164,0.5072269376316552
-0.6675785031157562,0.4957796136499646,0.0299493581610426,-0.3351255783902459,-0.9746646179959606,0.4691060816707821
-0.6675785031157562,0.4957796136499646,0.040289319033313,-0.3126399463688727,-1.000908521488861,0.4993513965630131
-0.6675785031157562,0.4957796136499646,0.0354982563419176,-0.3343828259448857,-0.967437450227343,0.5090311615595868
-0.6675785031157562,0.4957796136499646,0.0340829355246262,-0.349712271067078,-0.9021063952681124,0.4444918065607907
-0.6675785031157562,0.4957796136499646,0.0299290254053351,-0.3549309917591516,-0.9909152251363612,0.4959371191657156
-0.6675785031157562,0.4957796136499646,0.036853610823347,-0.3715344871536702,-1.05523966893373,0.4970798896821961
-0.6675785031157562,0.4957796136499646,0.0349729648699083,-0.3665534509336321,-1.039947944253198,0.5230148685800665
-0.6675785031157562,0.4957796136499646,0.0280919847270647,-0.3453873875519852,-0.9321173204119316,0.4283388555297851
-0.6675785031157562,0.4957796136499646,0.0188658351960363,-0.333244410707464,-0.8326376875207551,0.3911793548659416
-0.6675785031157562,0.4957796136499646,0.0153566631708266,-0.3183513647100035,-0.8769807941356897,0.3563971500196939
-0.6675785031157562,0.4957796136499646,0.0160839669852062,-0.3498200204557593,-0.9482889468492436,0.4692661905684795
-0.6675785031157562,0.4957796136499646,0.0171669947544632,-0.3367092845805858,-0.97010258544779,0.4016106805771593
-0.6675785031157562,0.4957796136499646,0.0144739388539671,-0.2810047855508267,-0.8333159122633179,0.3425956330470512
-0.6675785031157562,0.4957796136499646,0.0155210233575588,-0.2430902894136692,-0.7529142053407247,0.322634011713048
-0.6675785031157562,0.4957796136499646,0.0361513808679575,-0.2299364415429864,-0.7368733400060838,0.3199614521398068
-0.6675785031157562,0.4957796136499646,0.0259465398279259,-0.2380866001958515,-0.682025978729343,0.2843319338300111
-0.6675785031157562,0.4957796136499646,0.0111667119791463,-0.2989511185218114,-0.8687543310669629,0.4260623848617555
-0.6675785031157562,0.4957796136499646,0.0062425175560974,-0.2754549071918784,-0.825713877903384,0.3927876268768191
-0.6675785031157562,0.4957796136499646,-0.0058095462605658,-0.2384307540143888,-0.7593182794556174,0.3493942123237778
-0.6675785031157562,0.4957796136499646,-0.0101583532220283,-0.2650012452393423,-0.7629775952012962,0.4511795432794923
-0.6675785031157562,0.4957796136499646,-0.0040299995004682,-0.2406229512418712,-0.6710197999528608,0.4460880582069458
-0.6675785031157562,0.4957796136499646,-0.0090298388709326,-0.2935995437686944,-0.7285646258952976,0.5130112581601413
-0.6675785031157562,0.4957796136499646,-0.0116370771445458,-0.3405390596226099,-0.8635424239600894,0.4827804422851134
-0.6675785031157562,0.4957796136499646,-0.0117040722642556,-0.2546629680210637,-0.6178703641018873,0.3954519907663443
-0.6675785031157562,0.4957796136499646,-0.0112046336562081,-0.2642189247269879,-0.6061187978033983,0.3410920797419724
-0.6675785031157562,0.4957796136499646,-0.0098562668254411,-0.3261057834607879,-0.7716723753404015,0.3996132245098843
-0.6675785031157562,0.4957796136499646,-0.0105880967330879,-0.3212142917956501,-0.7218257957279861,0.3306456097352515
-0.6675785031157562,0.4957796136499646,-0.0078831484020176,-0.3947129148273802,-0.8112190251429156,0.2780657647037734
-0.6675785031157562,0.4957796136499646,-0.0014045860546874,-0.4121624441578456,-0.8779813453321637,0.341688494871903
-0.6675785031157562,0.4957796136499646,-0.0016546998470722,-0.418040949503321,-0.90223385147276,0.4046374799481328
-0.6675785031157562,0.4957796136499646,-0.0075120940952863,-0.4426086718669592,-0.95339339055815,0.3926218248141612
-0.6675785031157562,0.4957796136499646,-0.0094756056881647,-0.4123403965181487,-0.8206684811601672,0.2920964677740048
-0.6675785031157562,0.4957796136499646,-0.0096199125445742,-0.5012884414212992,-0.9949347953775391,0.3508391712646795
-0.6675785031157562,0.4957796136499646,-0.0106651025454451,-0.5359726667289367,-1.1377180152105228,0.4619194610555302
-0.6675785031157562,0.4957796136499646,-0.0043244942103208,-0.4966932728159144,-1.1035972148018238,0.4954989436019599
-0.6675785031157562,0.4957796136499646,-0.0087061580443576,-0.4819342010959831,-1.0093195872044416,0.397900559238857
-0.6675785031157562,0.4957796136499646,-0.01053799773822,-0.4516711856017555,-0.9306606372835562,0.37421887892378
-0.6675785031157562,0.4957796136499646,-0.0115036281862286,-0.4197619610983751,-0.8917449455475726,0.3830934242875276
-0.6675785031157562,0.4957796136499646,-0.0100301115933662,-0.4295877043190718,-0.9410644748811444,0.5402511757695599
-0.6675785031157562,0.4957796136499646,-0.0073594124664781,-0.3984317082977394,-0.8767916785677495,0.4905344864619744
-0.6675785031157562,0.4957796136499646,0.0149646237480499,-0.3939286335086296,-0.974585512578128,0.6411290561036685
-0.6675785031157562,0.4957796136499646,0.0109555756501837,-0.4085834790354541,-0.9664246329169512,0.5916436428583461
-0.6675785031157562,0.4957796136499646,0.0127852081226988,-0.3967090014825103,-0.932667954644956,0.5275339374718119
-0.6675785031157562,0.4957796136499646,0.0168715787588915,-0.381514598523819,-0.8694759969331008,0.4646375322408999
-0.6675785031157562,0.4957796136499646,0.0312535069496104,-0.3452105902908246,-0.7177785973914731,0.2612253733719492
-0.6675785031157562,0.4957796136499646,0.0329669016935433,-0.3467956189054526,-0.7476702584244374,0.2965463296120164
-0.6675785031157562,0.4957796136499646,0.0432701361071056,-0.3176244601873248,-0.7108239463231298,0.379835985437637
-0.6675785031157562,0.4957796136499646,0.0658017072058597,-0.3172652084800678,-0.8091150154874595,0.4660582665000829
-0.6675785031157562,0.4957796136499646,0.0666595388026786,-0.3064181928757029,-0.7934426156668529,0.4777820780802914
-0.6675785031157562,0.4957796136499646,0.0548132789799768,-0.3289077906728164,-0.8726991780681798,0.567343095768481
-0.6675785031157562,0.4957796136499646,0.0591999491125974,-0.289059599748109,-0.6890804016776136,0.501912854970502
-0.6675785031157562,0.4957796136499646,0.0629803471537745,-0.3199024119627218,-0.8213060419352949,0.5816443936126162
-0.6675785031157562,0.4957796136499646,0.0522201762143595,-0.3519023834194784,-0.8336855532440717,0.6102136374703889
-0.6675785031157562,0.4957796136499646,0.0579701663571471,-0.3365020175524054,-0.8149919465981468,0.5093759689644553
-0.6675785031157562,0.4957796136499646,0.0871487823079919,-0.2553615838036112,-0.7559684467611133,0.5664783664649522
-0.6675785031157562,0.4957796136499646,0.0990608919550747,-0.241225454592525,-0.7453750515751149,0.6198629553281455
-0.6675785031157562,0.4957796136499646,0.1019470818312156,-0.2237165469669192,-0.707319612955384,0.6089683535452749
-0.6675785031157562,0.4957796136499646,0.0912935474687315,-0.2615369379796355,-0.7741015149759474,0.6125252927427864
-0.6675785031157562,0.4957796136499646,0.1561984467766992,-0.1282733595043123,-0.5790804637461183,0.6682247273702769
-0.6675785031157562,0.4957796136499646,0.1483706102757932,-0.162881983459778,-0.697727697876163,0.8203509055102244
-0.6675785031157562,0.4957796136499646,0.1083131397771618,-0.2118636135038048,-0.6998013086907209,0.674625645518742
-0.6675785031157562,0.4957796136499646,0.1161559839929614,-0.1788122015600632,-0.6331615207927233,0.6151369177320508
-0.6675785031157562,0.4957796136499646,0.1543353432727027,-0.1029919606394623,-0.5894943074479685,0.6680273981699305
-0.6675785031157562,0.4957796136499646,0.1463380787462747,-0.0945075526092751,-0.5194949943997506,0.5974209261611385
-0.6675785031157562,0.4957796136499646,0.1396080349119967,-0.0890388979594763,-0.3543196598129826,0.605565971805735
-0.6675785031157562,0.4957796136499646,0.1188249034604418,-0.0961487362260016,-0.2813610470720371,0.3237761920866388
-0.6675785031157562,0.4957796136499646,0.1359950389234272,-0.1035148526786229,-0.3762094114948951,0.5627787721600643
-0.6675785031157562,0.4957796136499646,0.1401072656665211,-0.1224726503348096,-0.4942524951576611,0.7316021990080405
-0.6675785031157562,0.4957796136499646,0.1515562844339624,-0.1084585682597876,-0.5255502419810498,0.9673432394966688
-0.6675785031157562,0.4957796136499646,0.2026751680602672,0.0347215356340316,-0.3506903113634275,1.0323400251919432
-0.6675785031157562,0.4957796136499646,0.2178581476846694,0.1159611163031183,-0.2374771928409045,0.9244736320272802
-0.6675785031157562,0.4957796136499646,0.2120165954188005,0.1184120684724626,-0.3071554097004073,0.9193378982322772
-0.6675785031157562,0.4957796136499646,0.2328882920801164,0.1125032032776693,-0.3664584691526123,1.0263256318499956
-0.6675785031157562,0.4957796136499646,0.2389669317185899,0.1054774080930178,-0.3913680848800494,1.05917700349404
-0.6675785031157562,0.4957796136499646,0.2364279811807704,0.0582776996886822,-0.524174010370388,1.1326103161445509
-0.6675785031157562,0.4957796136499646,0.2174159901092855,-0.011079023553576,-0.6277316915790945,1.1138850040627921
-0.6675785031157562,0.4957796136499646,0.216678587641631,-0.0041930251031287,-0.4775600498148937,0.9811113852348816
-0.6675785031157562,0.4957796136499646,0.2169614800002557,-0.0084154238397875,-0.3862019125210555,0.6319666587028661
-0.6675785031157562,0.4957796136499646,0.2330466022759357,0.0117633672885572,-0.373314674955122,0.6990254033088922
-0.6675785031157562,0.4957796136499646,0.2240472709856742,0.0252544475240992,-0.4235608248790933,0.8097397010143224
-0.6675785031157562,0.4957796136499646,0.2295216361760639,0.032016672820137,-0.4640806658595037,0.8812907285513522
-0.6675785031157562,0.4957796136499646,0.2702056235936661,0.1322440279104913,-0.1710183279436158,0.7872102917712994
-0.6675785031157562,0.4957796136499646,0.2544265722703226,0.110773199377884,-0.125515144191819,0.5593828016794693
-0.6675785031157562,0.4957796136499646,0.2760530044958298,0.1408607011132085,-0.2257518812483161,0.874623568321095
-0.6675785031157562,0.4957796136499646,0.2790020659325738,0.1756513887806634,-0.1238311018690249,0.7916084948523718
-0.6675785031157562,0.4957796136499646,0.2889471113699503,0.2524156385947618,-0.0745097669362183,1.01611270987291
-0.6675785031157562,0.4957796136499646,0.2703350149961063,0.201189278965175,-0.1171037332256551,0.9367189490997752
-0.6675785031157562,0.4957796136499646,0.2949082994634655,0.2393545155232991,0.0246597796601171,0.7789898277359377
-0.6675785031157562,0.4957796136499646,0.3326076073528293,0.2971393917540229,0.1451992812275203,0.7230327243073398
-0.6675785031157562,0.4957796136499646,0.2954300086792723,0.2484002412510117,0.0987022737808804,0.6842786813591936
-0.6675785031157562,0.4957796136499646,0.3249670620790335,0.2570206860723568,0.0073437336440193,0.7008777456409147
-0.6675785031157562,0.4957796136499646,0.3657705219794229,0.379561717191322,0.1671015211038419,0.71603789493746
-0.6675785031157562,0.4957796136499646,0.3969049552606766,0.4706150469702046,0.2006548710824705,1.0017268934653725
-0.6675785031157562,0.4957796136499646,0.3906497042867703,0.4529824359990946,0.0987499026392308,1.04134971634147
-0.6675785031157562,0.4957796136499646,0.4060439354296786,0.4433000243659749,-0.0435156171792382,1.2775154468991128
-0.6675785031157562,0.4957796136499646,0.4513042622797733,0.5010700389937975,-0.0788125826380499,1.4753967923564475
-0.6675785031157562,0.4957796136499646,0.4422300532040736,0.4758168064299288,-0.1136861191410873,1.427714414642734
-0.6675785031157562,0.4957796136499646,0.4171059062290102,0.5659067437625046,0.1819021865968332,1.2145820592061443
-0.6675785031157562,0.4957796136499646,0.4287929208285493,0.6218984201471925,0.3091790222325775,1.143013934790701
-0.6675785031157562,0.4957796136499646,0.3555824992258639,0.4504059659588476,0.257726557321901,0.7597208220336072
-0.6675785031157562,0.4957796136499646,0.3474058282540721,0.4461737931732073,0.3105833300161676,0.7121186094225721
-0.6675785031157562,0.4957796136499646,0.336697484207471,0.360559025181434,0.1798407665460433,0.6486462708525337
-0.6675785031157562,0.4957796136499646,0.3450738144816946,0.4027220137191039,0.1496524776831846,0.849551842274542
-0.6675785031157562,0.4957796136499646,0.3408255087287298,0.3561866632001697,0.0734327211529115,0.8474692969361503
-0.6675785031157562,0.4957796136499646,0.3511353550308556,0.386429534934201,-0.0721868888030702,1.1282947561257983
-0.6675785031157562,0.4957796136499646,0.3008188769017798,0.3605113524448991,-0.0419682282538059,0.9976942561209112
-0.6675785031157562,0.4957796136499646,0.3490710087950242,0.5062901283991112,0.1698345654608556,1.1101401246011269
-0.6675785031157562,0.4957796136499646,0.337786571532496,0.2762000728774469,-0.2361281134374113,1.121635305476856
-0.6675785031157562,0.4957796136499646,0.2736028499870587,0.1562561988312916,-0.1820792637754847,0.7214196337958183
-0.6675785031157562,0.4957796136499646,0.3108458033422283,0.218015717056935,-0.0768012066726502,0.7463703391924179
-0.6675785031157562,0.4957796136499646,0.3449206410696419,0.23117075499704,-0.1891870852841663,1.011968043436314
-0.6675785031157562,0.4957796136499646,0.3292232090772947,0.1992024328897888,-0.2041909517192173,0.908816348000474
-0.6675785031157562,0.4957796136499646,0.2798050047391661,0.110798369288836,-0.2166260876443958,0.6342794920621645
-0.6675785031157562,0.4957796136499646,0.3087412566795158,0.1019932960823759,-0.1028140171516638,0.460581284168693
-0.6675785031157562,0.4957796136499646,0.3484830206770958,0.0963015164006732,-0.1087474257836769,0.4209844280270273
-0.6675785031157562,0.4957796136499646,0.3722708257426459,0.1580761287621334,0.0311515821369823,0.3806778960534372
-0.6675785031157562,0.4957796136499646,0.3871292958659304,0.1933851456559328,0.0776636023532436,0.5068811381493299
-0.6675785031157562,0.4957796136499646,0.4239140662167634,0.2740562827582317,0.1243952220193495,0.6302312174088637
-0.6675785031157562,0.4957796136499646,0.4279908411921053,0.2619362196758489,0.0948314331749272,0.6831291671562321
-0.6675785031157562,0.4957796136499646,0.4512864464291792,0.354562699009994,0.2260015134674969,0.568550302747606
-0.6675785031157562,0.4957796136499646,0.5674661152652123,0.5731166893712596,0.4928254056549305,0.7260285079103826
-0.6675785031157562,0.4957796136499646,0.5381758568306245,0.5251770458710728,0.4592190123438474,0.7502699100652491
-0.6675785031157562,0.4957796136499646,0.508827940071867,0.4998493252450324,0.5104577531259507,0.6778278465588466
-0.6675785031157562,0.4957796136499646,0.4974012902759773,0.4819263253647983,0.4401675163980094,0.7696604594753688
-0.6675785031157562,0.4957796136499646,0.510953515424734,0.4499484531185217,0.4306869736239729,0.9536620432105184
-0.6675785031157562,0.4957796136499646,0.4696840864745628,0.3933688003312882,0.4083712415288375,0.960478856438354
-0.6675785031157562,0.4957796136499646,0.5038963592781144,0.4523284910088454,0.4507440161406736,0.8814597597335676
-0.6675785031157562,0.4957796136499646,0.5399182873597826,0.4952722683128679,0.504836783423058,0.6652699555689728
-0.6675785031157562,0.4957796136499646,0.5376456819148177,0.5714325658449405,0.4067350112934935,1.017116542342029
-0.6675785031157562,0.4957796136499646,0.5665105365660781,0.6339353928903395,0.4572968217370759,1.3184046964426859
-0.6675785031157562,0.4957796136499646,0.5810444229471752,0.6278777294516205,0.4515629404962422,1.368555485149212
-0.6675785031157562,0.4957796136499646,0.5705694416450514,0.5234806422181474,0.3735021915034756,1.2087108357123675
-0.6675785031157562,0.4957796136499646,0.6224592557850461,0.5462963316154237,0.5326597379447611,0.9722302601489654
-0.6675785031157562,0.4957796136499646,0.6882824019414236,0.7585694606843871,0.6037218611006311,1.5059682790342137
-0.6675785031157562,0.4957796136499646,0.7030043314687205,0.8057249395767486,0.6151245415295469,1.5604004725029232
-0.6675785031157562,0.4957796136499646,0.6757230269803568,0.7717069603187302,0.5079770954178413,1.5232626413657804
-0.6675785031157562,0.4957796136499646,0.7115751410818792,0.8399400532356408,0.5709574822100332,1.5834174075028524
-0.6675785031157562,0.4957796136499646,0.7081149576113136,0.902588412953259,0.4750273147950757,1.7441874086120297
-0.6675785031157562,0.4957796136499646,0.6924035864829532,0.8456522603208737,0.4862653034059673,1.5649353167664284
-0.6675785031157562,0.4957796136499646,0.7395674236541139,0.9431910164376024,0.5584614130784595,1.5775235984231761
-0.6675785031157562,0.4957796136499646,0.7208682722316536,0.8887792395981378,0.4788960299846805,1.545853664278943
-0.6675785031157562,0.4957796136499646,0.7787153546252689,0.9581277591014468,0.5918131449289507,1.5797322489288272
-0.6675785031157562,0.4957796136499646,0.8268933042093884,1.1154869503693814,0.7266796771125296,1.819051276422743
-0.6675785031157562,0.4957796136499646,0.8284508256254123,1.1079796052176765,0.7353356881663865,1.8655039612409396
-0.6675785031157562,0.4957796136499646,0.8381301449540525,1.138699980593607,0.7729873364927278,1.8157677094381797
-0.6675785031157562,0.4957796136499646,0.8276389224952172,1.1508885622503664,0.7510391266695103,2.1059192600666705
-0.6675785031157562,0.4957796136499646,0.8490154026860769,1.14517388713916,0.785139146033231,2.124229145658468
-0.6675785031157562,0.4957796136499646,0.8743326633785795,1.2509093702852223,0.8109187709321753,2.3288493761355786
-0.6675785031157562,0.4957796136499646,0.883846123919326,1.279190306801652,0.8388198393974252,2.4524634322330314
-0.6675785031157562,0.4957796136499646,0.8691307471288992,1.2067138265256727,0.8256889692597725,2.0732069436969858
-0.6675785031157562,0.4957796136499646,0.8829772126855282,1.2022277537518096,0.8379979198144546,1.9883956309703292
-0.6675785031157562,0.4957796136499646,0.8986208485455475,1.2359952833065504,0.88192120666217,1.876545279700732
-0.6675785031157562,0.4957796136499646,0.895692322731698,1.2273798561923073,0.8824286400386572,1.9161131419480688
-0.6675785031157562,0.4957796136499646,0.907027681851518,1.3740966614766403,0.9012332111758362,2.1233936836926586
-0.6675785031157562,0.4957796136499646,0.8834127364472288,1.3496199692055453,0.8798329329673625,2.2729443786758536
-0.6675785031157562,0.4957796136499646,0.9081177273571108,1.3378709578087804,0.9036437629079828,2.287850534253944
-0.6675785031157562,0.4957796136499646,0.8785151822463535,1.2627127075430153,0.870153340394545,2.1946079916540118
-0.6675785031157562,0.4957796136499646,0.9094212754270552,1.3245656644789028,0.8867353163658338,2.1299435176427566
-0.6675785031157562,0.4957796136499646,0.9069977278132456,1.3266574635750492,0.8844863765545125,2.0767506800346824
-0.6675785031157562,0.4957796136499646,0.935166654027326,1.4010945218572564,0.9296109472077976,2.1765211981977908
-0.6675785031157562,0.4957796136499646,0.940075136182989,1.3857215060622277,0.9338488459897728,2.14735938119145
-0.6675785031157562,0.4957796136499646,0.930245472427392,1.3550682685362168,0.9208075855938008,2.0578659095815057
-0.6675785031157562,0.4957796136499646,0.914740413677544,1.3541070859921607,0.9037742602254828,2.1365056767747213
-0.6675785031157562,0.4957796136499646,0.930234346310078,1.3591610608424305,0.9319150398388886,2.109531171449388
-0.6675785031157562,0.4957796136499646,0.9110231414839288,1.2888325070024857,0.913130103886611,1.955825181111708
-0.6675785031157562,0.4957796136499646,0.9014523939685606,1.2438856711178763,0.900437983943942,1.7895456615499912
-0.6675785031157562,0.4957796136499646,0.8930396992351293,1.2240401925557576,0.8951016862376137,1.8390634679203608
-0.6675785031157562,0.4957796136499646,0.9168809955008592,1.3020785569792053,0.9166553758400332,2.058278214255257
-0.6675785031157562,0.4957796136499646,0.906427487677166,1.3115125289144187,0.8708568987716291,2.1772463034473324
-0.6675785031157562,0.4957796136499646,0.927116915459646,1.3743036770519128,0.8908976785128107,2.272916055574829
-0.6675785031157562,0.4957796136499646,0.9311482426597169,1.4369673764064808,0.9038490699887274,2.445000863682862
-0.6675785031157562,0.4957796136499646,0.9536376382779728,1.5080443340761644,0.9507871812469308,2.68416473664843
-0.6675785031157562,0.4957796136499646,0.952168949706052,1.5056963399370058,0.9764982853370354,2.6485736243529727
-0.6675785031157562,0.4957796136499646,0.9393918721795348,1.4571952587167527,0.9600624952452742,2.360894059639843
-0.6675785031157562,0.4957796136499646,0.930972276795402,1.4441739111382177,0.9337157814846428,2.4737167521070695
-0.6675785031157562,0.4957796136499646,0.9034946921155156,1.3626061096029332,0.8956706652599298,2.383109109009266
-0.6675785031157562,0.4957796136499646,0.9081702089888076,1.3644226929770982,0.8971206641818906,2.274225816461521
-0.6675785031157562,0.4957796136499646,0.8952733752847537,1.275279674417016,0.8625101147699982,2.2216263164670105
-0.6675785031157562,0.4957796136499646,0.8903350076217919,1.2091070527302523,0.8308669740814837,2.0401166547323526
-0.6675785031157562,0.4957796136499646,0.8865241428944102,1.17011675719627,0.8023545585221707,1.9256421115088167
-0.6675785031157562,0.4957796136499646,0.9035675824870276,1.2047120887125633,0.8089005959097638,2.255975520147828
-0.6675785031157562,0.4957796136499646,0.9094195229467824,1.171772965909054,0.8192940706670078,2.2433661536364236
-0.6675785031157562,0.4957796136499646,0.9234985147992164,1.2219504057188124,0.8219633493251958,2.5479891956963048
-0.6675785031157562,0.4957796136499646,0.9411537944085784,1.2623856501497768,0.9144133255686496,2.518938512477777
-0.6675785031157562,0.4957796136499646,0.9127703101176516,1.2486781217837537,0.8649664753356056,2.4299584963808334
-0.6675785031157562,0.4957796136499646,0.9137646177060016,1.2827759698241925,0.857163836181505,2.2900398237151216
-0.6675785031157562,0.4957796136499646,0.9190056369770168,1.3424211763425713,0.8756947996952672,2.5629164619301634
-0.6675785031157562,0.4957796136499646,0.8910821606127426,1.3000827320902741,0.8498537390050267,2.3156172614530486
-0.6675785031157562,0.4957796136499646,0.8837433038277414,1.2926170372214796,0.8516540724956646,2.3515496235864175
-0.6675785031157562,0.4957796136499646,0.8812232590023295,1.2585671268397345,0.851376679941368,2.214855978285192
-0.6675785031157562,0.4957796136499646,0.8688611824029439,1.1932402837474148,0.8192779926299137,2.151694872565404
-0.6675785031157562,0.4957796136499646,0.8543045165540815,1.1512460115767853,0.8179962143057204,1.9145482233806717
-0.6675785031157562,0.4957796136499646,0.8640845794917867,1.1058908980982511,0.8229742230025423,1.8831503266253395
-0.6675785031157562,0.4957796136499646,0.8620973244971148,1.10058353444163,0.8213479556382336,1.9363859356535715
-0.6675785031157562,0.4957796136499646,0.8788943568799783,1.1407769555753162,0.8382257413609122,2.1052101770094316
-0.6675785031157562,0.4957796136499646,0.8771281135110435,1.1457406539921522,0.8578260863526213,2.0163548611592
-0.6675785031157562,0.4957796136499646,0.8956939937256349,1.1985695009286197,0.8879685832072014,2.14899052299161
-0.6675785031157562,0.4957796136499646,0.8898064167771407,1.1675447884588004,0.9119492178286192,1.9174837130543452
-0.6675785031157562,0.4957796136499646,0.8939979524780656,1.1381858350380212,0.9470320620506842,2.0568875940186744
-0.6675785031157562,0.4957796136499646,0.9208304489652416,1.0940178933838132,0.9492404667666802,2.035007576701492
-0.6675785031157562,0.4957796136499646,0.8971516618330341,1.0868203071647211,0.915700411633503,2.070319165717232
-0.6675785031157562,0.4957796136499646,0.9143456874413084,1.036265556019208,0.9181919618605872,2.1742073290243087
-0.6675785031157562,0.4957796136499646,0.930455547551612,1.1567888551777359,0.9356610173591812,2.175220351373173
-0.6675785031157562,0.4957796136499646,0.9140986233884756,1.1264922961037391,0.915300348079082,1.979940101454064
-0.6675785031157562,0.4957796136499646,0.9282753189909484,1.14810729303714,0.9323221215251905,1.936936074583242
-0.6675785031157562,0.4957796136499646,0.9511912821604512,1.1069909834206273,0.9642382721322345,1.678010307708534
-0.6675785031157562,0.4957796136499646,0.9426474023265023,1.129400113074425,0.9450046177492964,1.8283839589005872
-0.6675785031157562,0.4957796136499646,0.929789657649116,1.1543867550174778,0.9238262074175876,1.9989523358414103
-0.6675785031157562,0.4957796136499646,0.9306940921028845,1.1614881125537857,0.9188692265880104,2.0182739888890846
-0.6675785031157562,0.4957796136499646,0.9359069701748006,1.2108633348167943,0.9151816326766224,2.3275482515138792
-0.6675785031157562,0.4957796136499646,0.945244981450928,1.1827493653717691,0.9372283718966196,2.2533103069869016
-0.6675785031157562,0.4957796136499646,0.9492054388874906,1.1001848709282076,0.9516433812964756,2.219925348901496
-0.6675785031157562,0.4957796136499646,0.9203668941572296,1.0591663420064885,0.8974730851329124,2.006978566149333
-0.6675785031157562,0.4957796136499646,0.9230606495401332,1.0641192278104696,0.8959990341067601,2.183583865770741
-0.6675785031157562,0.4957796136499646,0.9185013958659088,1.031970671986818,0.8252933646990812,2.117518419804828
-0.6675785031157562,0.4957796136499646,0.9436220543680612,1.0194579014094376,0.8595720477730264,2.0404328850787654
-0.6675785031157562,0.4957796136499646,0.9549606228871756,1.070484301074082,0.8996418608218337,2.1473231855061705
-0.6675785031157562,0.4957796136499646,0.9613308692746306,1.146035558316578,0.8846101155188268,2.2322949892332296
-0.6675785031157562,0.4957796136499646,0.9509852398145984,1.0976914642430562,0.8394327223490315,2.1911501483599065
-0.6675785031157562,0.4957796136499646,0.964204774327688,1.1008638597485507,0.9041178677546056,2.3425727486498085
-0.6675785031157562,0.4957796136499646,0.9557688287207522,1.0552712580977797,0.853538882773171,2.24336006657381
-0.6675785031157562,0.4957796136499646,0.9587566988415956,1.0568813241622095,0.8854304691615934,2.241669576995283
-0.6675785031157562,0.4957796136499646,0.910602697620008,1.0540821895691628,0.7870348867195855,2.3369410714223
-0.6675785031157562,0.4957796136499646,0.9123895921599158,0.9799457385179058,0.7531888340399072,2.10817800015173
-0.6675785031157562,0.4957796136499646,0.932328691732902,1.0005099050930857,0.8851289674010336,2.286189732632889
-0.6675785031157562,0.4957796136499646,0.93713100481939,1.02223360881182,0.920396165836951,2.33516785171321
-0.6675785031157562,0.4957796136499646,0.9451179642989196,1.0419136094623256,1.0698983632637853,2.415287583400676
-0.6675785031157562,0.4957796136499646,0.9418032113394544,1.023257633582085,1.0837136543313484,2.2871421746493206
-0.6675785031157562,0.4957796136499646,0.9510992068541964,1.057948587614976,1.1724750227139673,2.3210089805134086
-0.6675785031157562,0.4957796136499646,0.9471438596467788,1.1323363314414239,1.3334315493427935,2.570263885916373
-0.6675785031157562,0.4957796136499646,0.953604773260956,1.1181995593398406,1.3088607544568631,2.421504415975023
-0.6675785031157562,0.4957796136499646,0.9656620414025184,1.1451782356090217,1.3198544005072663,2.404972263897496
-0.6675785031157562,0.4957796136499646,0.9742818390519656,1.2572954991669871,1.3904524463860466,2.7104837815229055
-0.6675785031157562,0.4957796136499646,0.9751836118150636,1.2925444521431764,1.39945540615972,2.8626140079640616
-0.6675785031157562,0.4957796136499646,0.9811995087114078,1.358928880042355,1.3317451004168668,2.653381763414171
-0.6675785031157562,0.4957796136499646,0.9786820226059076,1.3553804832963077,1.3092167883086265,2.6569693128440166
-0.6675785031157562,0.4957796136499646,0.9724355528962197,1.3121621665479413,1.1276240027628035,2.1610424102672647
-0.6675785031157562,0.4957796136499646,0.9783486773303416,1.3970765045274849,1.2775044742353172,2.3693046953624
-0.6675785031157562,0.4957796136499646,0.9703983504294968,1.3814492310063644,1.333555164408202,2.601967370671929
-0.6675785031157562,0.4957796136499646,0.9690482011873148,1.360579119532549,1.3767423079860384,2.6411590901294293
-0.6675785031157562,0.4957796136499646,0.9756351877040071,1.450162466612963,1.57738262749874,2.970845292329977
-0.6675785031157562,0.4957796136499646,0.9781754892782812,1.4710253725434872,1.6487741102069509,2.9222212150002194
-0.6675785031157562,0.4957796136499646,0.9954644885964236,1.541687647907882,1.8154546662276096,3.2559914567049972
-0.6675785031157562,0.4957796136499646,0.9942483190526212,1.52032131716708,1.7942615850951544,3.161391611018152
-0.6675785031157562,0.4957796136499646,0.9889090003816892,1.5220717059850004,1.8543850401164863,3.2309169467907184
-0.6675785031157562,0.4957796136499646,0.987037704871154,1.4746232716803915,1.8031606205759665,3.0423458981149296
-0.6675785031157562,0.4957796136499646,0.9724129232578534,1.4183847304049348,1.7091615145862875,2.9023785152522006
-0.6675785031157562,0.4957796136499646,0.9797128202897626,1.4890103695235848,1.8957501266057408,3.281343320464132
-0.6675785031157562,0.4957796136499646,0.9842849303949476,1.5054644250338975,1.9561252831160196,3.15140699626423
-0.6675785031157562,0.4957796136499646,0.97252569627433,1.504053474711765,1.990474102135156,3.334843433479749
-0.6675785031157562,0.4957796136499646,0.9721517386273902,1.4904679673893744,1.986354734178262,3.2869284735881914
-0.6675785031157562,0.4957796136499646,0.9627928686456492,1.4686052650943733,1.9757438803668017,3.1887214855241144
-0.6675785031157562,0.4957796136499646,0.960679103678824,1.4829136269722607,2.004981060106176,3.3750401781732506
-0.6675785031157562,0.4957796136499646,0.9503991746299179,1.414374758131007,1.8419827867729004,3.052346574996132
-0.6675785031157562,0.4957796136499646,0.9262178475655514,1.375025633225183,1.7804690358953108,3.044310357032198
-0.6675785031157562,0.4957796136499646,0.9227039205007344,1.3714362132352471,1.8208454523429547,3.0923334192600658
-0.6675785031157562,0.4957796136499646,0.9271200303258268,1.3490532104473536,1.7670196034733887,2.928406086808508
-0.6675785031157562,0.4957796136499646,0.9440060752494748,1.4003981812344932,1.8364347353078248,3.085659185807629
-0.6675785031157562,0.4957796136499646,0.9355858225274092,1.39634844039826,1.8481954128055185,3.136328172461236
-0.6675785031157562,0.4957796136499646,0.9371627622579398,1.380633276014649,1.7937790397738096,2.9227992644727436
-0.6675785031157562,0.4957796136499646,0.9514330184290296,1.411345741689934,1.8515296280464624,3.0541683828947574
-0.6675785031157562,0.4957796136499646,0.9548506304102028,1.4255298619204004,1.834299179514716,2.8874349436347946
-0.6675785031157562,0.4957796136499646,0.9650003601410674,1.446011925626579,1.8840519815713008,3.1297814623694706
-0.6675785031157562,0.4957796136499646,0.9557876908291656,1.430025887898532,1.861267109023898,3.083492736210324
-0.6675785031157562,0.4957796136499646,0.9481472407171408,1.4133712567802093,1.8263512282622685,3.0234018229359942
-0.6675785031157562,0.4957796136499646,0.9579091519448159,1.4413459143595495,1.9345897984118672,3.204952412727068
-0.6675785031157562,0.4957796136499646,0.9604780079819748,1.4492642454952471,1.9576738067767363,3.211767203398668
-0.6675785031157562,0.4957796136499646,0.9488448221940508,1.430397478932104,1.927601016169656,3.1228370927222877
-0.6675785031157562,0.4957796136499646,0.9523646106190248,1.4171743036567075,1.8990348117119584,3.0749193230199974
-0.6675785031157562,0.4957796136499646,0.9432518929595584,1.3849456439834393,1.7910981055419848,2.83627256343923
-0.6675785031157562,0.4957796136499646,0.93645755855564,1.3630759745816876,1.7522507739392768,2.8020479467479897
-0.6675785031157562,0.4957796136499646,0.9362439925174746,1.378112493606596,1.7745484370730769,2.938994278643341
-0.6675785031157562,0.4957796136499646,0.954724925402236,1.4221601051611312,1.867482587264696,2.966440154630336
-0.6675785031157562,0.4957796136499646,0.9483906765905282,1.4072271810027117,1.8508545725902843,3.0253748060414156
-0.6675785031157562,0.4957796136499646,0.9535127792864052,1.4449301664362757,1.91622494396404,3.1333308420443444
-0.6675785031157562,0.4957796136499646,0.958291942358248,1.4283140254143487,1.8827413167269451,3.0904728094537885
-0.6675785031157562,0.4957796136499646,0.959336102148542,1.4708831075879707,1.9720459523628424,3.282496780742845
-0.6675785031157562,0.4957796136499646,0.9542726430749512,1.4426944319556412,1.9225005043590304,3.1302371794581583
-0.6675785031157562,0.4957796136499646,0.9580745276983628,1.4501626867105595,1.916519035073156,3.1287527493662908
-0.6675785031157562,0.4957796136499646,0.9388222839032344,1.3946756740372568,1.8298802073527516,3.03894098440306
-0.6675785031157562,0.4957796136499646,0.9276490975662958,1.3778400576397007,1.7974397115813632,3.0224472526299335
-0.6675785031157562,0.4957796136499646,0.954733869794586,1.40349361335832,1.826132987405752,2.9278383857244545
-0.6675785031157562,0.4957796136499646,0.9472791871332918,1.395105470530352,1.8116049482893757,2.864170333632019
-0.6675785031157562,0.4957796136499646,0.9508813795738186,1.4106261926917956,1.852393459603378,2.9912141221994264
-0.6675785031157562,0.4957796136499646,0.940979268382795,1.394955368185988,1.7725892102537648,2.8381276801328106
-0.6675785031157562,0.4957796136499646,0.9549548347161771,1.4161585994406247,1.8027674421281012,2.9830655471333367
-0.6675785031157562,0.4957796136499646,0.9459562506893194,1.4103181233889237,1.8667947516130257,3.091289649251432
-0.6675785031157562,0.4957796136499646,0.9419457074744412,1.3939319584125038,1.8361208444613848,3.006301689477512
-0.6675785031157562,0.4957796136499646,0.9578933137351736,1.4242528246976947,1.8699554164003207,2.9345583026066304
-0.6675785031157562,0.4957796136499646,0.9507058731697426,1.4140445660618783,1.9113755863466193,3.1800148661759065
-0.6675785031157562,0.4957796136499646,0.9399432658380584,1.38348846628196,1.8800646986069376,3.0508538909905107
-0.6675785031157562,0.4957796136499646,0.938112327186108,1.3879378263990716,1.878979205121294,3.037027331776436
-0.6675785031157562,0.4957796136499646,0.9336149786252116,1.379538126595179,1.8274414933782888,3.026109530555301
-0.6675785031157562,0.4957796136499646,0.939217898851789,1.3922425933561495,1.8549129301137592,3.025321141913088
-0.6675785031157562,0.4957796136499646,0.9367929973766346,1.381462863267132,1.818843957453236,2.961443349474008
-0.6675785031157562,0.4957796136499646,0.9304030477547698,1.372352289172732,1.81569587598924,2.9709174566566734
-0.6675785031157562,0.4957796136499646,0.942642370979814,1.4008160554437612,1.8227873583422711,3.004669360141348
-0.6675785031157562,0.4957796136499646,0.941331072096598,1.3941011559822583,1.8225485733268143,2.988847060368741
-0.6675785031157562,0.4957796136499646,0.9348587806480052,1.3826992498835375,1.8013309058371163,2.9549161706115448
-0.6675785031157562,0.4957796136499646,0.9361671248152076,1.3853344316971927,1.8895525208709636,3.1708632951488918
-0.6675785031157562,0.4957796136499646,0.9349393250307904,1.3822323865700064,1.8616027731983908,3.053872278101424
-0.6675785031157562,0.4957796136499646,0.9491706330459108,1.4088682430497916,1.925999564908656,3.196772740851761
-0.6675785031157562,0.4957796136499646,0.9548350863184528,1.4146464816145303,1.9057941723147696,3.184535713813771
-0.6675785031157562,0.4957796136499646,0.9525878010508864,1.4102599524303687,1.8906282328820816,3.0534504229011086
-0.6675785031157562,0.4957796136499646,0.9492566388214664,1.415113787505299,1.8802015124544909,3.050802465491684
-0.6675785031157562,0.4957796136499646,0.9441476927770438,1.386552071681452,1.8707695891107463,3.038192286610504
-0.6675785031157562,0.4957796136499646,0.9452952754597516,1.4000654972570357,1.8408408855773328,2.939286662603082
-0.6675785031157562,0.4957796136499646,0.9507948793202609,1.4117113655542397,1.89314378249546,3.1101736176498918
-0.6675785031157562,0.4957796136499646,0.9568486985157978,1.4221549143559837,1.8653828163971131,3.1091434845107786
-0.6675785031157562,0.4957796136499646,0.9567265168449492,1.4071649212276076,1.8742084777027788,3.108731331302674
-0.6675785031157562,0.4957796136499646,0.9536851883034948,1.406868942665919,1.8657487712513976,3.0920446299231563
-0.6675785031157562,0.4957796136499646,0.9527932259537036,1.396467411694978,1.8593226688323077,2.9302201230452076
-0.6675785031157562,0.4957796136499646,0.9441666643011724,1.4058852144691756,1.8753559989711743,3.050152347269211
-0.6675785031157562,0.4957796136499646,0.947424112265808,1.3899965736663433,1.8054239740949207,2.8840562685996334
-0.6675785031157562,0.4957796136499646,0.9326272207121138,1.3888858522216836,1.7837972715919912,2.869472617618473
-0.6675785031157562,0.4957796136499646,0.938045804046833,1.4010685017903837,1.8321772077799887,2.953830695226664
-0.6675785031157562,0.4957796136499646,0.9486620009447176,1.411424069992546,1.8629155786717433,3.0840960528444668
-0.6675785031157562,0.4957796136499646,0.9473969600469532,1.4085825731168609,1.8749129736057688,3.1224084055746366
-0.6675785031157562,0.4957796136499646,0.9364123972866228,1.3975076633623156,1.86866751794909,3.0686050699622056
-0.6675785031157562,0.4957796136499646,0.9331730652478512,1.3792870633117933,1.7913494467297195,2.8829617402184895
-0.6675785031157562,0.4957796136499646,0.9504689846092748,1.413010630015559,1.859220498678618,3.0385241190679633
-0.6675785031157562,0.4957796136499646,0.9385805283027616,1.3983260268020472,1.85293428145482,2.9823720319780964
-0.6675785031157562,0.4957796136499646,0.9416888536969302,1.3979457444414902,1.852291329847712,3.0407383609450043
-0.6675785031157562,0.4957796136499646,0.9379810715828376,1.394506245124003,1.8178170186545817,2.994477044287325
-0.6675785031157562,0.4957796136499646,0.9316967362271524,1.3922420873729864,1.8343620482611365,3.0203053391431194
-0.6675785031157562,0.4957796136499646,0.931982884367799,1.4066774865938003,1.880497498603409,3.1190103125156217
-0.6675785031157562,0.4957796136499646,0.9288298228342484,1.3880634413912174,1.848724775940936,2.9475605668804032
-0.6675785031157562,0.4957796136499646,0.934923161633534,1.4044974970778317,1.8806668393926944,3.145283138401657
-0.6675785031157562,0.4957796136499646,0.9414836686132948,1.4003768253812046,1.8728750124493916,3.0498997172855606
-0.6675785031157562,0.4957796136499646,0.9506459956172376,1.4004106398995548,1.8284341941981028,2.9073008883335487
-0.6675785031157562,0.4957796136499646,0.956459813850928,1.404678260190828,1.8783674177099985,3.1063344360192984
-0.6675785031157562,0.4957796136499646,0.9402762501916058,1.3991910762066933,1.8097521362491105,2.917622801052824
-0.6675785031157562,0.4957796136499646,0.9420828695577816,1.4010716364419615,1.839711926878056,2.975056934308877
-0.6675785031157562,0.4957796136499646,0.9360905793477629,1.3870722307028536,1.840490668183198,3.0046831508144787
-0.6675785031157562,0.4957796136499646,0.9482002445788568,1.4106889249517172,1.8698558824000129,3.0423067024074206
-0.6675785031157562,0.4957796136499646,0.9352904537058718,1.3801025530936144,1.8016507883560708,2.89276267125012
-0.6675785031157562,0.4957796136499646,0.9411922700410272,1.4080369193536493,1.874499860865548,3.0729829801629287
-0.6675785031157562,0.4957796136499646,0.9397621143355736,1.4021372138857435,1.8831597381462168,3.1044364255935557
-0.6675785031157562,0.4957796136499646,0.9452683715060394,1.4181044410735666,1.8834640240946223,3.0883760472473827
-0.6675785031157562,0.4957796136499646,0.937414383813548,1.3770229658355362,1.8211351950789196,2.9655138566974766
-0.6675785031157562,0.4957796136499646,0.9326340225226264,1.3809299197611555,1.824238480279188,2.955905243286935
-0.6675785031157562,0.4957796136499646,0.9430517304530806,1.3963008521946003,1.8518187005042128,3.0107584568768506
-0.6675785031157562,0.4957796136499646,0.9399490699858812,1.4084323583193543,1.882223872788432,3.1081068835487558
-0.6675785031157562,0.4957796136499646,0.9330166827541948,1.3856786887606425,1.8336084644070163,2.9859146637941363
-0.6675785031157562,0.4957796136499646,0.9447704346899788,1.3829466287264056,1.8369344897372657,2.9702753355559843
-0.6675785031157562,0.4957796136499646,0.9407478271373444,1.4011151531589787,1.8540707925387567,2.9843692230022145
-0.6675785031157562,0.4957796136499646,0.9341355509392222,1.4017858718735936,1.8488630372655936,3.037065645413339
-0.6675785031157562,0.4957796136499646,0.9465390623814322,1.401488328784379,1.8533537191787863,3.0455591585440334
-0.6675785031157562,0.4957796136499646,0.948436787284069,1.3804962601173374,1.8203885270629785,2.937414432079464
-0.6675785031157562,0.4957796136499646,0.9402207751501624,1.401452083002553,1.8452112139087968,2.97811179628442
-0.6675785031157562,0.4957796136499646,0.9389139624724852,1.4002376868486075,1.8551197531810344,2.9941989678837047
-0.6675785031157562,0.4957796136499646,0.9432832983503496,1.392118901626504,1.8600117534824527,3.0495868027867807
-0.6675785031157562,0.4957796136499646,0.9415635359340404,1.4083383409286536,1.8860512718218976,3.086783782387125
-0.6675785031157562,0.4957796136499646,0.940011608476609,1.3981034500290488,1.872575580234144,3.085557098531684
-0.6675785031157562,0.4957796136499646,0.944630985794751,1.3993069867381112,1.8595051196946883,3.043997990520192
-0.6675785031157562,0.4957796136499646,0.941501499612072,1.406363009700779,1.8697263581166284,3.086579079451576
-0.6675785031157562,0.4957796136499646,0.9403295541725768,1.395804175394528,1.848616288933366,3.0260315704590406
-0.6675785031157562,0.4957796136499646,0.9434643358232304,1.4191675640867745,1.8704763335026695,3.0631412251135623
-0.6675785031157562,0.4957796136499646,0.9335678684712906,1.3987905386559605,1.8357857916945584,2.9829919050859894
-0.6675785031157562,0.4957796136499646,0.9424386584880416,1.4230382079000972,1.873878995294524,3.03937604452791
-0.6675785031157562,0.4957796136499646,0.9378241338405237,1.4073051968691423,1.8505848893044732,3.0058711912338345
-0.6675785031157562,0.4957796136499646,0.9385333625269332,1.3783071647393466,1.8016265588180516,2.8871368770147985
-0.6675785031157562,0.4957796136499646,0.9461882787697332,1.3828914214540236,1.8300270141635544,2.9835002506082913
-0.6675785031157562,0.4957796136499646,0.9319320068040235,1.3908516033001217,1.841744718908376,3.0014176991332433
-0.6675785031157562,0.4957796136499646,0.9459543247307564,1.3961359501393664,1.8368318678226043,2.977369247862192
-0.6675785031157562,0.4957796136499646,0.9375030503783262,1.3873270474348574,1.8208358272002232,2.9414133628341546
-0.6675785031157562,0.4957796136499646,0.9502596329330256,1.4236673731217653,1.8887251072078244,3.100755064128884
-0.6675785031157562,0.4957796136499646,0.9459317263591952,1.3990197342014672,1.8424148487083167,2.989910185740584
-0.6675785031157562,0.4957796136499646,0.9444104325844233,1.3956106877640564,1.8514741339301448,3.0222142322483996
-0.6675785031157562,0.4957796136499646,0.9430411219610408,1.3867985289831213,1.8216977158390857,2.953975943441235
-0.6675785031157562,0.4957796136499646,0.940319061446652,1.3788968092410396,1.820143001650076,2.943924752183821
-0.6675785031157562,0.4957796136499646,0.948779226441539,1.3868061576048187,1.8182352074961927,2.935731475083609
-0.6675785031157562,0.4957796136499646,0.9462518845780868,1.412798264028667,1.859572244802845,3.018966061442208
-0.6675785031157562,0.4957796136499646,0.9363405137495452,1.3992636009785036,1.8452097730935464,2.9898287593380344
-0.6675785031157562,0.4957796136499646,0.9439459361611628,1.402028688231181,1.8580566753768184,3.0396359199553284
-0.6675785031157562,0.4957796136499646,0.9471676117693048,1.4080424449077018,1.8561882557952596,3.017119084893527
-0.6675785031157562,0.4957796136499646,0.9410679189246,1.4106806562237395,1.8512642606005167,3.0099899725719177
-0.6675785031157562,0.4957796136499646,0.94453247778487,1.4108708127355012,1.874230659701674,3.074542081564933
-0.6675785031157562,0.4957796136499646,0.9510119448520012,1.4164332322518984,1.8809813249830736,3.080471068091748
-0.6675785031157562,0.4957796136499646,0.9393652017494268,1.3949598926597695,1.8438559933993837,3.001927313306675
-0.6675785031157562,0.4957796136499646,0.9435541328399154,1.4049461561493857,1.8531895811571428,3.010118573887993
-0.6675785031157562,0.4957796136499646,0.9405794509186984,1.3899165078284226,1.8312079665523429,2.9703360289319516
-0.6675785031157562,0.4957796136499646,0.9453880336330568,1.4163394303085917,1.8844930199170995,3.0932705694418927
-0.6675785031157562,0.4957796136499646,0.9410435641404742,1.3886313117151208,1.8339397707362803,2.981806209508167
-0.6675785031157562,0.4957796136499646,0.944330805558418,1.3974910160223069,1.8557474906556557,3.0426129478711545
-0.6675785031157562,0.4957796136499646,0.945765379765474,1.3893030188310198,1.830840065256352,2.96729093488833
-0.6675785031157562,0.4957796136499646,0.9473664272544088,1.4013837460472525,1.8518446377308415,3.0100910326265624
-0.6675785031157562,0.4957796136499646,0.9399300000686428,1.3994422740450763,1.8556398560368184,3.041157609432695
-0.6675785031157562,0.4957796136499646,0.939222715395527,1.4015742543219136,1.862906225202172,3.049886827361967
-0.6675785031157562,0.4957796136499646,0.944278580587535,1.3937271281615256,1.8400949199169307,2.987665442326747
-0.6675785031157562,0.4957796136499646,0.945071937843764,1.3947654363641742,1.8344998900399505,2.9664699494230926
-0.6675785031157562,0.4957796136499646,0.9396491053186556,1.3957852779604631,1.8539999876442863,3.037444085479201
-0.6675785031157562,0.4957796136499646,0.940861543752932,1.4036435125381233,1.858628998427936,3.030484741888091
-0.6675785031157562,0.4957796136499646,0.9454306746259682,1.4017712679753043,1.853364246738871,3.0183380999820306
-0.6675785031157562,0.4957796136499646,0.944432159377971,1.4045666394874867,1.8641975093574608,3.0503450972826256
-0.6675785031157562,0.4957796136499646,0.9436857245843472,1.3909095340546,1.8415288468057949,3.0075626160142006
-0.6675785031157562,0.4957796136499646,0.9418161794698025,1.3965471424463607,1.8470855095695493,3.023020233300896
-0.6675785031157562,0.4957796136499646,0.9465738644569536,1.392628362696163,1.83535248121383,2.9877422027620413
-0.6675785031157562,0.4957796136499646,0.9448463629801744,1.4059829867954936,1.8648046613702975,3.046062283093688
-0.6675785031157562,0.4957796136499646,0.9447321040793099,1.3953495370194977,1.8403937101820012,2.989120023008555
-0.6675785031157562,0.4957796136499646,0.9451070161052516,1.4021726333482143,1.861577495103217,3.0518577203147665
-0.6675785031157562,0.4957796136499646,0.943840019305667,1.39268854987092,1.837941986223924,2.978082334388656
-0.6675785031157562,0.4957796136499646,0.9445345280301244,1.4055672248250997,1.8655439529581237,3.048862709525905
-0.6675785031157562,0.4957796136499646,0.9448890829640404,1.405675260607192,1.8664697291191967,3.0581484668588446
-0.6675785031157562,0.4957796136499646,0.9424392115131488,1.4012836804067892,1.8604198538941716,3.0452839047363014
-0.6675785031157562,0.4957796136499646,0.9419852537720004,1.400688345432597,1.8600568423402275,3.0453766981064274
-0.6675785031157562,0.4957796136499646,0.9422058257579788,1.3934496618634775,1.8358791466069493,2.969669556009905
-0.6675785031157562,0.4957796136499646,0.9450694496330072,1.3895758374924394,1.8391434312914756,3.0068360782565127
-0.6675785031157562,0.4957796136499646,0.9393443889896688,1.401769333310967,1.8608003890984688,3.0456422781156527
-0.6675785031157562,0.4957796136499646,0.9425027438982752,1.4085962174462383,1.8696327080036883,3.0478486089559182
-0.6675785031157562,0.4957796136499646,0.9426974796942256,1.3971038707523036,1.8449230544210928,2.995050149815359
-0.6675785031157562,0.4957796136499646,0.9426974796942256,1.4001481264491629,1.855349657395782,3.038128418548558
-0.6675785031157562,0.4957796136499646,0.9447457816861679,1.394611610581589,1.841618531121033,3.009549929495629
-0.6675785031157562,0.4957796136499646,0.9458426033756397,1.3965754258494756,1.8443539841196033,3.0019474141341265
-0.6675785031157562,0.4957796136499646,0.9420617007980177,1.3888279514088555,1.8338670091087372,2.9757897688301593
-0.6675785031157562,0.4957796136499646,0.9442902822808515,1.395150892115422,1.83992455792384,3.005046882579395
-0.6675785031157562,0.4957796136499646,0.9409032009857404,1.3873176112069128,1.8335170803455445,3.0072055670051436
-0.6675785031157562,0.4957796136499646,0.94500092359096,1.396780081526892,1.8445498891746768,2.993394535895489
-0.6675785031157562,0.4957796136499646,0.9414545278593596,1.3996951871526286,1.8582262268052987,3.0421394056350413
-0.6675785031157562,0.4957796136499646,0.9427886687221716,1.3965346312436602,1.8485219458854696,2.997783112079852
-0.6675785031157562,0.4957796136499646,0.944981131173353,1.398942697544723,1.8500619629349917,3.0088827793965818
-0.6675785031157562,0.4957796136499646,0.9404717596306092,1.3933601259384605,1.8436568345959092,3.0225107490375183
-0.6675785031157562,0.4957796136499646,0.941405832173316,1.3985669440297392,1.8531167782781823,3.0332770059455143
-0.6675785031157562,0.4957796136499646,0.9424030180028528,1.3953209443451011,1.8453429852425876,3.0041205566942675
-0.6675785031157562,0.4957796136499646,0.9407382430760276,1.4004847567364385,1.8575948352893048,3.0430297923154375
-0.6675785031157562,0.4957796136499646,0.9431227252737646,1.395822433178988,1.8459099112010893,3.0062620973096994
-0.6675785031157562,0.4957796136499646,0.942862694718759,1.3942292314539493,1.8430191463594052,3.0119501827461304
-0.6675785031157562,0.4957796136499646,0.9427699718712624,1.3995019463631784,1.853546793943296,3.028526148222985
-0.6675785031157562,0.4957796136499646,0.9403363706831748,1.3919324177594248,1.8415446827973487,2.9939532273878395
-0.6675785031157562,0.4957796136499646,0.942913527656976,1.4024005995613236,1.8592182428853985,3.030481129151217
-0.6675785031157562,0.4957796136499646,0.9439661864085812,1.3984509923720343,1.850155905215909,3.017826960962323
-0.6675785031157562,0.4957796136499646,0.9421948662529496,1.3968366934036387,1.8493554086683208,3.01484867716366
-0.6675785031157562,0.4957796136499646,0.941653559281812,1.3955144125156012,1.8475351838765928,3.0151390611851117
-0.6675785031157562,0.4957796136499646,0.9414697765630312,1.3978717992915792,1.8516503513981848,3.0274247163914882
-0.6675785031157562,0.4957796136499646,0.9432158412863374,1.3968134393282108,1.848596028431147,3.0022556306332726
-0.6675785031157562,0.4957796136499646,0.94402501529299,1.4025301832386616,1.8581953143678585,3.032175876349694
-0.6675785031157562,0.4957796136499646,0.943964236121048,1.3961922987417805,1.844460455605834,3.0177314724527986
-0.6675785031157562,0.4957796136499646,0.9437396097462846,1.3988638390805108,1.851374333450396,3.0108134724976305
-0.6675785031157562,0.4957796136499646,0.942798531084021,1.3998679571026544,1.8543038034016543,3.0252652670172147
-0.6675785031157562,0.4957796136499646,0.9426525910042411,1.3972465040324895,1.8495248523956525,3.0118408772155436
-0.6675785031157562,0.4957796136499646,0.9430761778801467,1.3998754651418948,1.854159427658828,3.021578309617644
-0.6675785031157562,0.4957796136499646,0.9421711497341836,1.400163842171626,1.8556718201181663,3.0273685642018453
-0.6675785031157562,0.4957796136499646,0.9428529842435266,1.3984665540804435,1.8515274494805736,3.0179187619081462
-0.6675785031157562,0.4957796136499646,0.9425241681596777,1.3975719994562772,1.8501041931989977,3.013446524146248
-0.6675785031157562,0.4957796136499646,0.9422536091195882,1.3978301713671013,1.8509052048295156,3.0157414500762534
-0.6675785031157562,0.4957796136499646,0.9422536091195882,1.3978589599805327,1.8512234868999544,3.0204230617002534
-0.6675785031157562,0.4957796136499646,0.9423191329654897,1.3974330081395783,1.8498822311196048,3.017610822834461
