-0.6456121764917448,0.8701495667955939,0.0057417417026095,-0.0039981695098633,1.0016065089323674,-0.8229211818264075
-0.6456121764917448,0.8701495667955939,0.009587843878389,0.0042253845333838,1.0090993829286967,-0.7763212959268995
-0.6456121764917448,0.8701495667955939,0.0034063320831523,-0.0115897939518888,0.9933993514705032,-0.8491219378186671
-0.6456121764917448,0.8701495667955939,0.0033661640652034,0.027506691756684,1.0286989488762097,-0.5667318906259742
-0.6456121764917448,0.8701495667955939,0.0043992401872761,0.1791302546973769,1.1756215971689061,-0.7967293201946032
-0.6456121764917448,0.8701495667955939,0.0044112214932779,0.1306576832408244,1.113482232970756,-1.0354584282913724
-0.6456121764917448,0.8701495667955939,0.0055118868733374,0.2465710071566411,1.1401416041559636,-1.3177456966799075
-0.6456121764917448,0.8701495667955939,0.0080059325638966,0.2674196383981871,1.140590293242548,-1.416052989926171
-0.6456121764917448,0.8701495667955939,0.0062476720376571,0.2383662632981965,1.1276047640695483,-1.4308660331377463
-0.6456121764917448,0.8701495667955939,0.0033455796614239,0.161484135928789,1.0807103993899745,-1.3630171396408102
-0.6456121764917448,0.8701495667955939,0.0033452676889445,0.1997646209833333,1.1026199149462956,-1.3950269091478285
-0.6456121764917448,0.8701495667955939,0.0034149326464508,0.1205503952850983,1.026663595559053,-1.5308060904649272
-0.6456121764917448,0.8701495667955939,0.0040759639587111,0.0478085126607698,0.9856979447812398,-1.5662234365952123
-0.6456121764917448,0.8701495667955939,0.004535252850726,0.0052595197267406,0.9786345784830814,-1.5036120946751432
-0.6456121764917448,0.8701495667955939,0.0057924966146877,-0.0164466772814881,0.9712402446447672,-1.498547432815386
-0.6456121764917448,0.8701495667955939,0.006626453058946,-0.0626548179391036,0.9263234666986644,-1.448758236391634
-0.6456121764917448,0.8701495667955939,0.004237279448002,-0.1122200348645204,0.8399824218158312,-1.4109270804638905
-0.6456121764917448,0.8701495667955939,0.0078729767889956,-0.1738429064040847,0.714377472115152,-1.25219668179172
-0.6456121764917448,0.8701495667955939,0.0143839332049301,-0.1655549400527589,0.6854047957525554,-1.181807654466593
-0.6456121764917448,0.8701495667955939,0.0138669723873221,-0.2069443414822416,0.5992795555226816,-1.0447195782280785
-0.6456121764917448,0.8701495667955939,0.0083632603232013,-0.1422135091510188,0.656280670348023,-0.8646735427433916
-0.6456121764917448,0.8701495667955939,0.0190643188570887,-0.2135141102777602,0.6150152265195319,-1.141431665248579
-0.6456121764917448,0.8701495667955939,0.0166642356665156,-0.1404946834229802,0.6879882870794084,-1.1188002270706483
-0.6456121764917448,0.8701495667955939,0.0060608249282033,-0.1094986742380891,0.7896631722599251,-1.1235047544835648
-0.6456121764917448,0.8701495667955939,0.0043982957973768,-0.0980287879804959,0.8367514519412277,-1.2448553296896996
-0.6456121764917448,0.8701495667955939,0.0045671463788433,-0.2355668560216524,0.6807716676845129,-1.3464183019507725
-0.6456121764917448,0.8701495667955939,0.0034426135133048,-0.2913091040436503,0.6500158162676565,-1.40849446890806
-0.6456121764917448,0.8701495667955939,0.0034622081962494,-0.3491510691311474,0.574416101613105,-1.3421615289148785
-0.6456121764917448,0.8701495667955939,0.007927281958865,-0.2407856464776136,0.6524108779268576,-1.199498960507393
-0.6456121764917448,0.8701495667955939,0.0106962128318721,-0.2932285490591252,0.5772831073565278,-1.3179831663622317
-0.6456121764917448,0.8701495667955939,0.0067969096727508,-0.3725414577146811,0.4853684262810358,-1.2447554057584247
-0.6456121764917448,0.8701495667955939,0.0104855882430161,-0.3180681062498047,0.4686177835658421,-1.2168712449897363
-0.6456121764917448,0.8701495667955939,0.0121105922827987,-0.3980117392431603,0.4090549545788035,-1.2809193428641545
-0.6456121764917448,0.8701495667955939,0.0101103712721825,-0.477691313159976,0.2923822311838113,-1.0511847894162352
-0.6456121764917448,0.8701495667955939,0.009601770338419,-0.4534998020094855,0.2925864330910095,-0.9834051999335992
-0.6456121764917448,0.8701495667955939,0.0112078379616978,-0.4818595700252459,0.2202191158993708,-0.9608476587125182
-0.6456121764917448,0.8701495667955939,0.0069377712288592,-0.4866678635459803,0.2575895093576837,-0.943135308875952
-0.6456121764917448,0.8701495667955939,0.0049671540591727,-0.5303591540976168,0.1921772322761977,-0.8169676903925371
-0.6456121764917448,0.8701495667955939,0.0063568026614446,-0.5358214027728059,0.1825704053406976,-0.60889066931221
-0.6456121764917448,0.8701495667955939,0.0042422791523111,-0.533840485063089,0.2081083942453442,-0.7344538429800977
-0.6456121764917448,0.8701495667955939,0.0044385863653918,-0.516863394753398,0.2234230108264438,-0.757856902445387
-0.6456121764917448,0.8701495667955939,0.0049669054302435,-0.49745186399952,0.2632638356235136,-0.7324259950534711
-0.6456121764917448,0.8701495667955939,0.0063375465241198,-0.4939241521699259,0.2756476416974541,-0.7975731644533443
-0.6456121764917448,0.8701495667955939,0.0067128053302288,-0.4828210833445843,0.3802826268995253,-0.5966556255127009
-0.6456121764917448,0.8701495667955939,0.005140032412895,-0.4900098329576467,0.4014889007366526,-0.7424857886089533
-0.6456121764917448,0.8701495667955939,0.0045676336245385,-0.4766603632370376,0.3989489795477437,-0.7141532639741844
-0.6456121764917448,0.8701495667955939,0.0044945584309983,-0.5161256101924931,0.352188744787022,-0.7698749107775764
-0.6456121764917448,0.8701495667955939,0.0033685120611641,-0.465638292402327,0.3970274366900284,-0.8809693495051087
-0.6456121764917448,0.8701495667955939,0.0039176219347108,-0.4838970404566751,0.3853043393369377,-0.8003202791685055
-0.6456121764917448,0.8701495667955939,0.0033447080453146,-0.5035139253513524,0.319153892621408,-0.5348080005721308
-0.6456121764917448,0.8701495667955939,0.0043491446701849,-0.4963500585859079,0.3211459206283855,-0.5234434597680409
-0.6456121764917448,0.8701495667955939,0.0036687096592736,-0.483749323715321,0.3460964771830711,-0.4918688660785482
-0.6456121764917448,0.8701495667955939,0.0034297378467479,-0.4909977324355691,0.2974519983814625,-0.4301669295557284
-0.6456121764917448,0.8701495667955939,0.0033826857835961,-0.4802143518316623,0.3572156826049265,-0.3152842293293812
-0.6456121764917448,0.8701495667955939,0.0034037676381312,-0.4857741917333007,0.3359359510010285,-0.3444084589110577
-0.6456121764917448,0.8701495667955939,0.0045366561554743,-0.5029153749104757,0.2625937481802321,-0.0097632247003083
-0.6456121764917448,0.8701495667955939,0.0034238136054432,-0.4487623305168506,0.3815952258027755,-0.1006475422877492
-0.6456121764917448,0.8701495667955939,0.0033923481807583,-0.4903209640145273,0.3320199664932483,-0.1025804094194426
-0.6456121764917448,0.8701495667955939,0.003386953275368,-0.5048300700937954,0.2759786306533197,0.169784640249194
-0.6456121764917448,0.8701495667955939,0.0058216954696979,-0.4836525320848978,0.3464250838824587,0.3020873828797062
-0.6456121764917448,0.8701495667955939,0.0113270004240599,-0.3554495828347233,0.4782211386841109,0.0606933349579718
-0.6456121764917448,0.8701495667955939,0.0038851609757211,-0.4484383231556481,0.2993006822331928,0.4249997057645013
-0.6456121764917448,0.8701495667955939,0.0033825479450607,-0.4368521734794799,0.2595748265532908,0.326728502795232
-0.6456121764917448,0.8701495667955939,0.0036802490953215,-0.3483700544844811,0.4148683944410693,0.0701241310441735
-0.6456121764917448,0.8701495667955939,0.0042965954276989,-0.3977735047400198,0.3495398248925177,0.1916430708124795
-0.6456121764917448,0.8701495667955939,0.0144853284736383,-0.3237496851062366,0.4975443599203369,0.1665553880284374
-0.6456121764917448,0.8701495667955939,0.0522600627098333,-0.1975843584862177,0.6623224576313264,0.2620281912358832
-0.6456121764917448,0.8701495667955939,0.0734219366661108,-0.1585368738087832,0.7139086554575274,0.1225840010713882
-0.6456121764917448,0.8701495667955939,0.0624143228475783,-0.1938633956033107,0.6786435672891586,-0.1475590382724983
-0.6456121764917448,0.8701495667955939,0.100600955027329,0.0012196658259578,0.9462506048244652,-0.3595624763677609
-0.6456121764917448,0.8701495667955939,0.0697183290697126,-0.1822600445945325,0.7178570057047879,-0.2954413501512258
-0.6456121764917448,0.8701495667955939,0.062636968055689,-0.2634554207168387,0.6687632165688487,-0.1633591097767773
-0.6456121764917448,0.8701495667955939,0.0666694008449151,-0.3297870279815106,0.5866135550275872,-0.051907977285178
-0.6456121764917448,0.8701495667955939,0.079068056354264,-0.2530299406108562,0.6801669998893471,-0.1774850332928067
-0.6456121764917448,0.8701495667955939,0.0843994722966449,-0.2476808999840088,0.694478093221411,-0.2303199079849765
-0.6456121764917448,0.8701495667955939,0.108334617263006,-0.2474329770572,0.6278170490753971,0.0427882553965698
-0.6456121764917448,0.8701495667955939,0.1418831708613767,-0.0876322199812959,0.8379282738938704,0.0076587065990268
-0.6456121764917448,0.8701495667955939,0.1330892009957659,-0.0923451153180685,0.818483551997013,0.0943429673862128
-0.6456121764917448,0.8701495667955939,0.1052056919644412,-0.1661790865639275,0.7252581793184131,0.017739600457118
-0.6456121764917448,0.8701495667955939,0.1422300992626027,-0.0688675429077584,0.8436290538212272,-0.0016188304824919
-0.6456121764917448,0.8701495667955939,0.1609855840964807,0.0485837741264278,0.9619815491229357,0.1674101483758825
-0.6456121764917448,0.8701495667955939,0.1454967212597292,-0.0239884022053022,0.8804497052306407,-0.1014136468503703
-0.6456121764917448,0.8701495667955939,0.1644777546209332,-0.0072487771482916,0.8928925013219766,0.0364645340121406
-0.6456121764917448,0.8701495667955939,0.1584444778473961,-0.0716932904903699,0.7150585976820822,0.4599520492933448
-0.6456121764917448,0.8701495667955939,0.2076455188241329,-0.032441937858493,0.7818118068944303,0.4141144791153841
-0.6456121764917448,0.8701495667955939,0.1870159069643878,-0.0786169575466718,0.6834250076917233,0.4668861660268282
-0.6456121764917448,0.8701495667955939,0.1945034828450202,-0.1196996871919513,0.7070574622792855,0.3545451844251819
-0.6456121764917448,0.8701495667955939,0.1493190123489468,-0.1628872051886418,0.6444277723103693,0.3744519896658623
-0.6456121764917448,0.8701495667955939,0.1224494692777536,-0.2509261625150385,0.4778809867190308,0.2509585921280621
-0.6456121764917448,0.8701495667955939,0.1505171184817203,-0.2197024468465759,0.5132371758934233,0.108631587607051
-0.6456121764917448,0.8701495667955939,0.1512227152646928,-0.2167593521411159,0.5747168532493109,0.0490367131392289
-0.6456121764917448,0.8701495667955939,0.1363655767210254,-0.2628146250232539,0.5142181272444806,0.0030408813870567
-0.6456121764917448,0.8701495667955939,0.1276521291646783,-0.3632231260367176,0.3059493657462641,-0.014492195449663
-0.6456121764917448,0.8701495667955939,0.13181265524785,-0.3782148005571522,0.2796186266140067,0.0755621184001839
-0.6456121764917448,0.8701495667955939,0.158549617459659,-0.2921760059816096,0.3684417562936455,0.0168776009569284
-0.6456121764917448,0.8701495667955939,0.1972277713441233,-0.081924677955543,0.6699649490120622,-0.1060297077270247
-0.6456121764917448,0.8701495667955939,0.1975015537693258,-0.0354744574477988,0.7092982310217399,-0.0877481454255011
-0.6456121764917448,0.8701495667955939,0.247074599870512,0.1224464561893901,0.9296758524722818,-0.0958462441225046
-0.6456121764917448,0.8701495667955939,0.2099633380621611,-0.0145929045986898,0.7352460989395215,-0.0579908689392616
-0.6456121764917448,0.8701495667955939,0.1916479610350756,-0.1282449147828426,0.5715208967468343,0.0078698896584567
-0.6456121764917448,0.8701495667955939,0.2050551195945158,-0.0913566513174587,0.5653878620364177,0.00759998900486
-0.6456121764917448,0.8701495667955939,0.2457352175546445,-0.0814325203803594,0.6349700388281758,0.0425691128459538
-0.6456121764917448,0.8701495667955939,0.2025143054996092,-0.1861542028567624,0.5126195804338461,-0.0401580990999648
-0.6456121764917448,0.8701495667955939,0.2263892545491078,-0.1629940788010755,0.4849567106194851,0.3492848859592135
-0.6456121764917448,0.8701495667955939,0.2020235121160369,-0.2382897531843094,0.3889996996033354,0.3508209392336115
-0.6456121764917448,0.8701495667955939,0.1996501099451162,-0.3038102043615988,0.3094862940361245,0.3340435837329558
-0.6456121764917448,0.8701495667955939,0.2174810870407894,-0.2845089280391696,0.3103662345395665,0.076903839567822
-0.6456121764917448,0.8701495667955939,0.2494968768805747,-0.2187387485458386,0.3743829275348368,0.1962353631418748
-0.6456121764917448,0.8701495667955939,0.245758036026395,-0.2464026373134141,0.307501523919132,0.3562344132448547
-0.6456121764917448,0.8701495667955939,0.2264376821421709,-0.2635648240842877,0.3000225047844382,0.392757773674246
-0.6456121764917448,0.8701495667955939,0.211908139342321,-0.335625370870642,0.153090852076488,0.5693452399478216
-0.6456121764917448,0.8701495667955939,0.2168417654857417,-0.3452548410344148,0.0740709978588201,0.6880587166040922
-0.6456121764917448,0.8701495667955939,0.2416782334438906,-0.2694721495944125,0.2039371433479583,0.6096300426998577
-0.6456121764917448,0.8701495667955939,0.1944792115243983,-0.3797705198619468,-0.0053229246749932,0.7068305379771737
-0.6456121764917448,0.8701495667955939,0.2429530886504335,-0.2508862686243058,0.205492151749655,0.6049317074462297
-0.6456121764917448,0.8701495667955939,0.2106153824569414,-0.3672345432646742,-0.0224804556416677,0.7059098257913835
-0.6456121764917448,0.8701495667955939,0.2388834841341876,-0.3243174109401542,0.0744608956289099,0.7742175974447038
-0.6456121764917448,0.8701495667955939,0.2689019197331946,-0.2473433780439008,0.2163937942803063,0.7132723834286767
-0.6456121764917448,0.8701495667955939,0.2475167573182387,-0.2471028853695555,0.208014696489969,0.622018618045809
-0.6456121764917448,0.8701495667955939,0.2523881628932227,-0.236963495335046,0.2504189707389562,0.555294953955251
-0.6456121764917448,0.8701495667955939,0.2434408714911581,-0.2731076516433036,0.1547869947657276,0.6626157377478178
-0.6456121764917448,0.8701495667955939,0.2141987250437588,-0.3069636293189083,0.1879735260188881,0.3748248511197965
-0.6456121764917448,0.8701495667955939,0.23283602774498,-0.3073571305518291,0.1119286363800869,0.5523863712930952
-0.6456121764917448,0.8701495667955939,0.2485267724778415,-0.2864547337624629,0.0893166393221352,0.5855733705554944
-0.6456121764917448,0.8701495667955939,0.203055321871066,-0.3677907983999686,-0.0342119662264247,0.4317230934093222
-0.6456121764917448,0.8701495667955939,0.2507513955830914,-0.2242528905712957,0.2272158537492336,0.5229075179798035
-0.6456121764917448,0.8701495667955939,0.2208008603569776,-0.2536070755423333,0.1673959116902536,0.4846367253522587
-0.6456121764917448,0.8701495667955939,0.2218095342231387,-0.3426238344620421,0.1199196716925726,0.4352335391443051
-0.6456121764917448,0.8701495667955939,0.2239560782476785,-0.3018197810076756,0.1032356231959112,0.4691560549753479
-0.6456121764917448,0.8701495667955939,0.2316018247604333,-0.277761575829114,0.0991413850223395,0.3631904896408967
-0.6456121764917448,0.8701495667955939,0.2572174843456907,-0.1489584541560243,0.2518197478399885,0.2612090372886335
-0.6456121764917448,0.8701495667955939,0.26820501276064,-0.1675782591156108,0.1855733845625416,0.3169657183815869
-0.6456121764917448,0.8701495667955939,0.2458093164646138,-0.2507703558400276,0.024790726835874,0.4324864255996865
-0.6456121764917448,0.8701495667955939,0.2600968533833881,-0.1880361586090227,0.2090681744827546,0.2365329565715638
-0.6456121764917448,0.8701495667955939,0.2316286736535223,-0.1859151922871481,0.2633336504626997,0.2340609899689724
-0.6456121764917448,0.8701495667955939,0.2141143503456566,-0.2155970214438734,0.3110398342820615,0.0275814811892706
-0.6456121764917448,0.8701495667955939,0.2192466478154039,-0.2301362772275559,0.3466525378686438,0.0905419105683985
-0.6456121764917448,0.8701495667955939,0.2254954749206751,-0.2036095883142548,0.4170523227325345,0.1011736320575898
-0.6456121764917448,0.8701495667955939,0.2007649831860873,-0.2793938833591745,0.2224359930820993,0.0376547423041971
-0.6456121764917448,0.8701495667955939,0.180707764354565,-0.2728848375060425,0.2001018520571315,-0.349616862054693
-0.6456121764917448,0.8701495667955939,0.1954641768567915,-0.2749337758589826,0.1793837628033797,-0.274913301173619
-0.6456121764917448,0.8701495667955939,0.2418260162058221,-0.2649961595522833,0.0859661913254656,0.364908768208464
-0.6456121764917448,0.8701495667955939,0.2619356569545392,-0.2813366966257006,-0.0177500856339709,0.3801035636723223
-0.6456121764917448,0.8701495667955939,0.2417156629689723,-0.3113300898915166,-0.1012252698703638,0.655452903554671
-0.6456121764917448,0.8701495667955939,0.2476645002633924,-0.2518285711306025,0.1043594309122838,0.2619279951692071
-0.6456121764917448,0.8701495667955939,0.2600383127592144,-0.2494089451949065,0.0977796791669621,0.2719430184282699
-0.6456121764917448,0.8701495667955939,0.2324141589463336,-0.3179182118524655,-0.0374685796410683,0.3229486795921855
-0.6456121764917448,0.8701495667955939,0.1941448960338,-0.3480857078741624,-0.0398938953147601,0.0465130649485332
-0.6456121764917448,0.8701495667955939,0.1918669083144752,-0.3717970032211271,-0.0292538930336401,0.1153552652569148
-0.6456121764917448,0.8701495667955939,0.21657282587852,-0.3351592506480074,0.0522861204993238,0.0828028177126013
-0.6456121764917448,0.8701495667955939,0.1971049155836189,-0.3586051366910296,0.0361913500813377,-0.0484033987585337
-0.6456121764917448,0.8701495667955939,0.2217998363624431,-0.3253365631315525,-0.0601279821386147,-0.034975967567006
-0.6456121764917448,0.8701495667955939,0.2430608248119654,-0.3157508931635985,-0.1036267475495442,0.3000773236137077
-0.6456121764917448,0.8701495667955939,0.2352759939665213,-0.332067432660373,-0.1361752768092327,0.3130406344021027
-0.6456121764917448,0.8701495667955939,0.2647063628799734,-0.2826114242388754,-0.0337677274078562,0.4356009325526675
-0.6456121764917448,0.8701495667955939,0.2512718735670652,-0.3120067300903329,0.0041169513493333,0.4641566800396721
-0.6456121764917448,0.8701495667955939,0.2472392489951266,-0.34303422569032,-0.0839206761864327,0.411252321689091
-0.6456121764917448,0.8701495667955939,0.2352164218519928,-0.3549745891518106,-0.1118100123068562,0.4883879456953764
-0.6456121764917448,0.8701495667955939,0.2551053734190502,-0.3259295304056279,-0.121828290644939,0.4297140891657147
-0.6456121764917448,0.8701495667955939,0.2497787648172019,-0.3361878116220172,-0.154304721732673,0.392653452252676
-0.6456121764917448,0.8701495667955939,0.2298027854723158,-0.3469874387350389,-0.2538188497859923,0.4474682663865532
-0.6456121764917448,0.8701495667955939,0.2015309570143255,-0.404366610874227,-0.3580737692157435,0.2425714704150834
-0.6456121764917448,0.8701495667955939,0.1901953625613437,-0.3839791404913172,-0.3603108591467233,0.4604690779711617
-0.6456121764917448,0.8701495667955939,0.1925763276213881,-0.3788839035068603,-0.3790882333070523,0.2493005780589876
-0.6456121764917448,0.8701495667955939,0.1960903477631946,-0.3493558321105,-0.340869480579099,0.3362624110699016
-0.6456121764917448,0.8701495667955939,0.1872816735614535,-0.3583700416035129,-0.3860199295325493,0.4203404460826145
-0.6456121764917448,0.8701495667955939,0.1907349548379686,-0.3030560043562068,-0.2546670485213103,0.2930022917119498
-0.6456121764917448,0.8701495667955939,0.2531225591030479,-0.2089663416004202,-0.1430164126536859,0.4403787176300385
-0.6456121764917448,0.8701495667955939,0.2233978938924022,-0.3121798591260902,-0.3091260438427656,0.4456085030070169
-0.6456121764917448,0.8701495667955939,0.1761090947849637,-0.4211464475777594,-0.4460234596425277,0.268797685238356
-0.6456121764917448,0.8701495667955939,0.1585637237824346,-0.4263663660934751,-0.4810603848125251,0.2265106459326405
-0.6456121764917448,0.8701495667955939,0.1068897256130187,-0.5476048792252411,-0.5953983805505006,0.4778134545292807
-0.6456121764917448,0.8701495667955939,0.0785865901467608,-0.664900399299704,-0.7801462118381886,0.3038372355025623
-0.6456121764917448,0.8701495667955939,0.1159007510971083,-0.5695746479722844,-0.5981487551500871,0.3331021525790864
-0.6456121764917448,0.8701495667955939,0.0874478021057363,-0.6404587075796848,-0.7461232100240734,0.0734416104321323
-0.6456121764917448,0.8701495667955939,0.0475105465148256,-0.7598806192999323,-1.0922039980704517,0.2728381733007251
-0.6456121764917448,0.8701495667955939,0.0497846546396559,-0.7357473502115258,-1.007175552730157,0.1217999530227787
-0.6456121764917448,0.8701495667955939,0.040742087345981,-0.7863136571999557,-1.1448205817435901,0.1224241971804623
-0.6456121764917448,0.8701495667955939,0.0312804536653207,-0.8141764730674143,-1.2065756779341192,-0.0383735509598312
-0.6456121764917448,0.8701495667955939,0.0355313513276285,-0.8049425205925008,-1.2574561361526053,0.003859238683105
-0.6456121764917448,0.8701495667955939,0.0237471256903332,-0.8527469238328057,-1.375148756037764,0.0025960000150687
-0.6456121764917448,0.8701495667955939,0.0116570636310292,-0.8814766660028212,-1.4269119919149575,0.0265144190342128
-0.6456121764917448,0.8701495667955939,0.0119553918716924,-0.8809406729167325,-1.462411952805745,0.18548261924117
-0.6456121764917448,0.8701495667955939,0.0226759945924442,-0.853736586147892,-1.4073911785446307,0.1210013834994677
-0.6456121764917448,0.8701495667955939,0.0294948246584058,-0.8386006900443216,-1.2735915384267384,0.1101758676406953
-0.6456121764917448,0.8701495667955939,0.0301459332760431,-0.8311037397078536,-1.3540966317443102,0.2017272389157613
-0.6456121764917448,0.8701495667955939,0.0360698997039232,-0.8112314028581189,-1.3218812083091893,0.2508537178832002
-0.6456121764917448,0.8701495667955939,0.0157818390923466,-0.8601096012289635,-1.4234334242115676,0.3130269354061644
-0.6456121764917448,0.8701495667955939,0.0264404834411223,-0.8372972555234237,-1.4186098013713568,0.2137945141289078
-0.6456121764917448,0.8701495667955939,0.0351928529474481,-0.8063570153324444,-1.2498304803195277,0.0626228390397603
-0.6456121764917448,0.8701495667955939,0.0447213346589937,-0.75332269581504,-1.1494220818968537,0.0050546994253874
-0.6456121764917448,0.8701495667955939,0.0321769823812593,-0.7899892340084426,-1.141071433423174,0.13334798606221
-0.6456121764917448,0.8701495667955939,0.0222568654016329,-0.8107296828689545,-1.1645218256967809,-0.0023194213595735
-0.6456121764917448,0.8701495667955939,0.0034411765114992,-0.9000168273553077,-1.333588670859112,0.0678432796271832
-0.6456121764917448,0.8701495667955939,0.0040580725102314,-0.8992817137089926,-1.3392612361176353,-0.0197404939275665
-0.6456121764917448,0.8701495667955939,0.0036994982254982,-0.9039184739356556,-1.3230749452504507,-0.1436428581476329
-0.6456121764917448,0.8701495667955939,0.003349651977439,-0.91434639835912,-1.3868437985386377,-0.0549218166975585
-0.6456121764917448,0.8701495667955939,0.0057051710055624,-0.9313324651800106,-1.5669199619558662,0.0916403263177491
-0.6456121764917448,0.8701495667955939,0.006265745806874,-0.9310637886292724,-1.56185622679518,0.0745252996980069
-0.6456121764917448,0.8701495667955939,0.0105634563096555,-0.9343753309717078,-1.6255608025363049,0.2216088100925462
-0.6456121764917448,0.8701495667955939,0.0241077467672892,-0.8960033157629387,-1.684571002754894,0.3569679190668292
-0.6456121764917448,0.8701495667955939,0.0247104955725924,-0.9029649423396569,-1.6398739782216087,0.2774544911424116
-0.6456121764917448,0.8701495667955939,0.0169071485287721,-0.913943991833302,-1.5399214371237724,0.1355265139377642
-0.6456121764917448,0.8701495667955939,0.019660406861836,-0.9276199803802612,-1.6148232358928225,0.3623692999145144
-0.6456121764917448,0.8701495667955939,0.0221647357528991,-0.903551110828505,-1.5402120433419,0.2436422261498209
-0.6456121764917448,0.8701495667955939,0.0153625252110453,-0.9025552818282178,-1.4984853155748894,0.2689755828181317
-0.6456121764917448,0.8701495667955939,0.0188714494839079,-0.9025734547858374,-1.4746398926993949,0.1308361290403323
-0.6456121764917448,0.8701495667955939,0.0405629886009895,-0.8826935877335363,-1.6120934053577893,0.3597304213460777
-0.6456121764917448,0.8701495667955939,0.0508706327478679,-0.8557333719211881,-1.5795787770366785,0.4104927530501677
-0.6456121764917448,0.8701495667955939,0.0534708919897755,-0.868175472287427,-1.5251836692910148,0.2888455652905955
-0.6456121764917448,0.8701495667955939,0.044068515407189,-0.8732408825490365,-1.5003779836294675,0.2168693230364659
-0.6456121764917448,0.8701495667955939,0.1082295073039219,-0.764385371075679,-1.4939484937930028,0.4644716692734597
-0.6456121764917448,0.8701495667955939,0.0997372124816496,-0.7440340607278151,-1.3388790826151842,0.3064481332966489
-0.6456121764917448,0.8701495667955939,0.0593365870827855,-0.8449584765678145,-1.3864695792806343,0.0981882435101874
-0.6456121764917448,0.8701495667955939,0.0667945758180786,-0.8412353007811835,-1.376926507449716,0.08433940529688
-0.6456121764917448,0.8701495667955939,0.1061926678297532,-0.77790315886988,-1.3093245536824065,0.0639615707150805
-0.6456121764917448,0.8701495667955939,0.0975608285444365,-0.8193554985879992,-1.39334660695431,0.1049218708767072
-0.6456121764917448,0.8701495667955939,0.0904424993221193,-0.8441408982052561,-1.5000988177082164,0.3245753285087684
-0.6456121764917448,0.8701495667955939,0.0693874689050338,-0.8882829335215504,-1.4798616517700776,0.1312149875603145
-0.6456121764917448,0.8701495667955939,0.0866787076392661,-0.8536429109961171,-1.3948217272730377,0.1506177822279084
-0.6456121764917448,0.8701495667955939,0.0909657872293065,-0.829934202622973,-1.3537168998734934,0.1894780450255848
-0.6456121764917448,0.8701495667955939,0.1031724137184254,-0.7938445774783968,-1.3507944130292924,0.2595657911847655
-0.6456121764917448,0.8701495667955939,0.1618382256297249,-0.7224838189008957,-1.3620219164159444,0.4282683270691725
-0.6456121764917448,0.8701495667955939,0.1803800801636361,-0.7356563923193425,-1.4329125188712148,0.5264501902547707
-0.6456121764917448,0.8701495667955939,0.1731920598371056,-0.7562489488985623,-1.364589178137137,0.3076163983898354
-0.6456121764917448,0.8701495667955939,0.1991717306592076,-0.6962974199167862,-1.3437617806388975,0.4133797809015282
-0.6456121764917448,0.8701495667955939,0.2068884400550301,-0.6842117551326865,-1.380482988885132,0.4541111931599861
-0.6456121764917448,0.8701495667955939,0.2036573254034432,-0.652732368200142,-1.2836883665825296,0.3514721851075068
-0.6456121764917448,0.8701495667955939,0.1798336917496542,-0.6400019028580042,-1.260562694026408,0.3683181696475293
-0.6456121764917448,0.8701495667955939,0.1789232967142357,-0.6211306530334894,-1.369522144678438,0.5656800678647526
-0.6456121764917448,0.8701495667955939,0.1792724309284056,-0.605084887005991,-1.4136477640372538,0.6761811498485839
-0.6456121764917448,0.8701495667955939,0.199371867334397,-0.5466970098365316,-1.3642284809659393,0.7493165801214767
-0.6456121764917448,0.8701495667955939,0.1880672337493726,-0.5954774721848662,-1.410104109395255,0.6985745505842362
-0.6456121764917448,0.8701495667955939,0.1949262954126938,-0.5771863929381023,-1.407879905367174,0.7270480897252426
-0.6456121764917448,0.8701495667955939,0.2475352489181045,-0.478263109250291,-1.4105745476962528,0.9738999606179024
-0.6456121764917448,0.8701495667955939,0.2268024580242604,-0.5395452659916502,-1.454799900369368,0.9144888301869092
-0.6456121764917448,0.8701495667955939,0.255318432520189,-0.5133691531991419,-1.382811949423294,0.86195042810002
-0.6456121764917448,0.8701495667955939,0.2592637725311157,-0.508763780242651,-1.4194262380312088,0.9350942154061116
-0.6456121764917448,0.8701495667955939,0.2726654070842398,-0.5403957967996001,-1.3952913594699392,0.8419760773994605
-0.6456121764917448,0.8701495667955939,0.2477069008829836,-0.5685269233137535,-1.4480188094517783,0.8359804349216262
-0.6456121764917448,0.8701495667955939,0.2807688191245862,-0.4721958146401064,-1.3973152621987817,1.0005589141716116
-0.6456121764917448,0.8701495667955939,0.3331788954130426,-0.3301346760210107,-1.2880141177817195,1.1876012835044403
-0.6456121764917448,0.8701495667955939,0.2814804790409703,-0.4330940026943331,-1.330356201392722,1.016856302986895
-0.6456121764917448,0.8701495667955939,0.3223994292265163,-0.3274666188691959,-1.2094772801064093,1.073147344838444
-0.6456121764917448,0.8701495667955939,0.3808473326786537,-0.2481290579830797,-1.1395481988053533,1.1611711071728932
-0.6456121764917448,0.8701495667955939,0.4268495930041703,-0.1958649332973012,-1.0876649000893792,1.2313433851911133
-0.6456121764917448,0.8701495667955939,0.4175129643140307,-0.2022378856043968,-1.050629897613229,1.1434193278789697
-0.6456121764917448,0.8701495667955939,0.4405742466939603,-0.143167722602256,-0.9657657841825233,1.1537631622739117
-0.6456121764917448,0.8701495667955939,0.5099809199729628,0.0243156446977686,-0.7801166856853502,1.2769576057059258
-0.6456121764917448,0.8701495667955939,0.4958765687914586,0.0091790575897532,-0.7885932389738612,1.265202778238201
-0.6456121764917448,0.8701495667955939,0.4573185096895315,-0.125114421369159,-1.0170264035714431,1.2937185123628676
-0.6456121764917448,0.8701495667955939,0.475163943134607,-0.0964010454234165,-1.0115719430593335,1.3610081218247043
-0.6456121764917448,0.8701495667955939,0.3660535725270868,-0.2814922385513288,-1.1473295118157567,1.089559446101512
-0.6456121764917448,0.8701495667955939,0.3542754620549041,-0.2949644159576439,-1.1900527954341125,1.1459443877637023
-0.6456121764917448,0.8701495667955939,0.338980850856659,-0.3017667208322446,-1.221833555016,1.1535435435527748
-0.6456121764917448,0.8701495667955939,0.3509320062570712,-0.2831352473918151,-1.1666379779823788,1.1283819735632823
-0.6456121764917448,0.8701495667955939,0.3448592009606957,-0.2689526699681746,-1.1575357724064832,1.1463496918600027
-0.6456121764917448,0.8701495667955939,0.3596370839829946,-0.2682876223284985,-1.089598912198584,1.0323828288368169
-0.6456121764917448,0.8701495667955939,0.2888543878138717,-0.4302255052030272,-1.2396169757698985,0.8495815307351874
-0.6456121764917448,0.8701495667955939,0.3566671469836006,-0.3134792554312632,-1.1989146259518324,1.1061060214625285
-0.6456121764917448,0.8701495667955939,0.3405295568150809,-0.261116309434809,-1.0726137646749752,1.0189016172166832
-0.6456121764917448,0.8701495667955939,0.2520506959126665,-0.4334279391670939,-1.2769618876434168,0.9029708691405606
-0.6456121764917448,0.8701495667955939,0.3026848337198321,-0.3228210324236417,-1.2420755784990936,1.1275581429718737
-0.6456121764917448,0.8701495667955939,0.3507126439168758,-0.2008052811490573,-1.080155559243971,1.1643007411310855
-0.6456121764917448,0.8701495667955939,0.3283944879491925,-0.2453713462111983,-1.1072964937216347,1.1062051580362753
-0.6456121764917448,0.8701495667955939,0.260340264217936,-0.3846054691673273,-1.180538612230554,0.873991822291833
-0.6456121764917448,0.8701495667955939,0.2997702390854387,-0.2730342717164127,-1.0616044188266276,0.9790827569610216
-0.6456121764917448,0.8701495667955939,0.3558222180006883,-0.1207286318851462,-0.9525154032888344,1.194218195275489
-0.6456121764917448,0.8701495667955939,0.3903539349361177,-0.0658797299595755,-0.9324395982528506,1.3072601033435298
-0.6456121764917448,0.8701495667955939,0.4122790246393714,-0.0250304601542474,-0.8947738638114804,1.358251965870363
-0.6456121764917448,0.8701495667955939,0.4676949322045314,0.0920935463441378,-0.8285469087039303,1.5486115584668951
-0.6456121764917448,0.8701495667955939,0.4739341531510819,0.1154944256769182,-0.780218833954784,1.5345068302828813
-0.6456121764917448,0.8701495667955939,0.509953136251566,0.1640393312100566,-0.7356840081737037,1.5877748433363617
-0.6456121764917448,0.8701495667955939,0.6987586855629251,0.5449864747318982,-0.3885391197853253,2.025948426194392
-0.6456121764917448,0.8701495667955939,0.6497177700668947,0.4467411816210481,-0.4400581238608013,1.8726487446726712
-0.6456121764917448,0.8701495667955939,0.6015591114169062,0.3356045963594713,-0.4603464692053793,1.6616690703328647
-0.6456121764917448,0.8701495667955939,0.5830711445947954,0.2967060343857566,-0.4819968827790264,1.5989343811412589
-0.6456121764917448,0.8701495667955939,0.6050144358165991,0.3636180009308793,-0.4022682223818501,1.680963488696867
-0.6456121764917448,0.8701495667955939,0.5388359697181871,0.2202775864700493,-0.3971188939247414,1.3988586032084378
-0.6456121764917448,0.8701495667955939,0.593561946973632,0.3386856184071401,-0.2694380008454691,1.4111128970978968
-0.6456121764917448,0.8701495667955939,0.6526076922664652,0.4733631644419939,-0.2075787425101524,1.6011770272008832
-0.6456121764917448,0.8701495667955939,0.648839129030125,0.4291177560149759,-0.1418142909452927,1.3696771448561165
-0.6456121764917448,0.8701495667955939,0.6971431792041168,0.523975644558184,-0.0502485558098595,1.4638407495922763
-0.6456121764917448,0.8701495667955939,0.7218290564458292,0.5965028740334858,0.0510509299028623,1.4239794756903439
-0.6456121764917448,0.8701495667955939,0.7040124905944026,0.619907538843528,0.0136353132965146,1.5375846628314367
-0.6456121764917448,0.8701495667955939,0.7935471311088322,0.8371684697894948,0.0535936839047956,2.0825018770895607
-0.6456121764917448,0.8701495667955939,0.911982066088623,1.0341025422204975,0.2407210550950271,2.2327736669040696
-0.6456121764917448,0.8701495667955939,0.9392808959514312,1.0781227531834068,0.3363327749394261,2.202117415437761
-0.6456121764917448,0.8701495667955939,0.8889370430897955,0.97213822563092,0.3614792113010913,1.8669815388826851
-0.6456121764917448,0.8701495667955939,0.9553204891081498,1.1021311926118749,0.4404539199959586,2.0949026031711657
-0.6456121764917448,0.8701495667955939,0.9488317787421136,1.0485958224040588,0.4208414494374439,1.9932193191475227
-0.6456121764917448,0.8701495667955939,0.9195924233021276,1.0058771656401893,0.3737688703957398,1.9946388379685465
-0.6456121764917448,0.8701495667955939,1.0084987479677319,1.1804243547667037,0.5053861660789356,2.2455518870428417
-0.6456121764917448,0.8701495667955939,0.9728378740475242,1.1253772059194571,0.4759868078417415,2.1509984605986983
-0.6456121764917448,0.8701495667955939,1.085099626150664,1.3907417057086264,0.666425159174461,2.530695461595839
-0.6456121764917448,0.8701495667955939,1.1836040988924086,1.5401091631214863,0.7590672382181988,2.760793536885365
-0.6456121764917448,0.8701495667955939,1.1868797451809705,1.5588202517060727,0.8457246163162033,2.6652345549310077
-0.6456121764917448,0.8701495667955939,1.2073811723460932,1.593858133397778,0.957898414784412,2.586011712282173
-0.6456121764917448,0.8701495667955939,1.1851714335861383,1.5199227047399515,0.9075482981609884,2.3884401425456177
-0.6456121764917448,0.8701495667955939,1.2307509778752708,1.658291976626296,0.9509312659693524,2.6557233662409487
-0.6456121764917448,0.8701495667955939,1.2865589161538586,1.7206313960358206,0.9755540472778576,2.73928107096036
-0.6456121764917448,0.8701495667955939,1.3081317932049428,1.7538698385154627,1.0407532484047477,2.682271373896125
-0.6456121764917448,0.8701495667955939,1.274910881896347,1.737513400639603,1.0209639024468549,2.802311553589248
-0.6456121764917448,0.8701495667955939,1.3061462220475608,1.8346217774089073,1.058896822016728,3.011056107546967
-0.6456121764917448,0.8701495667955939,1.3424060182737954,1.8921686127491015,1.1240212171586503,3.0925533921529715
-0.6456121764917448,0.8701495667955939,1.3355317236047797,1.8758968367635809,1.1982810200469345,2.934618876097695
-0.6456121764917448,0.8701495667955939,1.3623838440818252,1.81850040751538,1.2747758163323861,2.67762817508588
-0.6456121764917448,0.8701495667955939,1.3071410537950343,1.6841336735341632,1.2452591085361924,2.342321637440304
-0.6456121764917448,0.8701495667955939,1.3650022012110343,1.8591509755652864,1.2694022857940328,2.7135769877769502
-0.6456121764917448,0.8701495667955939,1.2959988026529383,1.7349383510595753,1.2178923192546325,2.468506275388183
-0.6456121764917448,0.8701495667955939,1.3681422677440767,1.8818088599136893,1.2679454159629036,2.8184609071552966
-0.6456121764917448,0.8701495667955939,1.3623119868337867,1.8623354700780368,1.2526645095176625,2.8099680936528144
-0.6456121764917448,0.8701495667955939,1.4324573272931471,1.9841793477270024,1.3081307340972268,3.040836127493873
-0.6456121764917448,0.8701495667955939,1.4453171374059142,2.038458274677472,1.3680700351428698,3.074534160190026
-0.6456121764917448,0.8701495667955939,1.4197815568819443,2.0012725820743924,1.3928762514070898,2.9519552548692523
-0.6456121764917448,0.8701495667955939,1.3810591984179617,1.8811239858410047,1.3549458464362694,2.6533609428736
-0.6456121764917448,0.8701495667955939,1.4197531294016892,1.9977453691024687,1.4158495698365756,2.873787382838865
-0.6456121764917448,0.8701495667955939,1.372014414722566,1.9444985810517423,1.373009240287999,2.812224666356424
-0.6456121764917448,0.8701495667955939,1.349093413974404,1.947949526482489,1.3261029470602355,2.9294020934686604
-0.6456121764917448,0.8701495667955939,1.329340784526715,1.9030284905263908,1.2854750048338133,2.827599280239077
-0.6456121764917448,0.8701495667955939,1.3863065342529381,1.97519346290413,1.3399158321809455,2.88262848444496
-0.6456121764917448,0.8701495667955939,1.3609449817755672,1.884477473110224,1.2368054680148812,2.7737007150041797
-0.6456121764917448,0.8701495667955939,1.4118269723679944,1.9504443286699356,1.298448185182092,2.864305064923671
-0.6456121764917448,0.8701495667955939,1.4220915338970148,1.8768254715512265,1.3136904088750807,2.614524634301103
-0.6456121764917448,0.8701495667955939,1.482191828367503,1.9709250492061932,1.3847205427134328,2.665241134162979
-0.6456121764917448,0.8701495667955939,1.4780895530577651,1.9781537638030908,1.3668610030814612,2.784647688596156
-0.6456121764917448,0.8701495667955939,1.4435132331674527,1.9409389985144312,1.3383098336795338,2.828475570136217
-0.6456121764917448,0.8701495667955939,1.421640752360888,1.886866484497281,1.2895078576724817,2.6384950239514335
-0.6456121764917448,0.8701495667955939,1.3539425200264965,1.7806312701746967,1.24762140457356,2.400080345882568
-0.6456121764917448,0.8701495667955939,1.3651284346753247,1.8193938108890448,1.2624435250804795,2.551040969071212
-0.6456121764917448,0.8701495667955939,1.3345517185536284,1.8400942511755076,1.1956227089785425,2.5852867040176264
-0.6456121764917448,0.8701495667955939,1.3230621275195147,1.891934077788856,1.1672540254000303,2.8458476616157924
-0.6456121764917448,0.8701495667955939,1.3142714911479132,1.9246202828658008,1.1503564248051017,3.009359390157504
-0.6456121764917448,0.8701495667955939,1.3541159933752227,2.0055325385430676,1.1926629049137771,2.9375167204008275
-0.6456121764917448,0.8701495667955939,1.3681380397081393,2.0620654992823426,1.1981591921184565,3.0988447626276607
-0.6456121764917448,0.8701495667955939,1.4027205208043585,2.112925277895197,1.2624080993201647,2.9574687225249012
-0.6456121764917448,0.8701495667955939,1.4481744250772026,2.1723345511451915,1.3333634168296657,3.087942236596012
-0.6456121764917448,0.8701495667955939,1.3762551232377955,1.9988101975954315,1.2567793550225748,2.80460125239272
-0.6456121764917448,0.8701495667955939,1.378676741125692,1.9667947763438924,1.2630278109806872,2.8604072120521997
-0.6456121764917448,0.8701495667955939,1.3915441004196472,1.9337865829731893,1.2931450999594405,2.5900455813972405
-0.6456121764917448,0.8701495667955939,1.3247932144799823,1.7773190173184892,1.2032678956074185,2.494403142222601
-0.6456121764917448,0.8701495667955939,1.307896671495272,1.7282840972467581,1.2430007456894765,2.2016597413426906
-0.6456121764917448,0.8701495667955939,1.302147762026044,1.7661992827228803,1.2149185179843711,2.4416242665465484
-0.6456121764917448,0.8701495667955939,1.2743099887539309,1.7819700822379416,1.1183125970992813,2.5624957871785465
-0.6456121764917448,0.8701495667955939,1.2422344275122856,1.7419683576284741,1.0663172902478497,2.639628438425468
-0.6456121764917448,0.8701495667955939,1.2637052445719867,1.8762581594279553,1.1459873570968704,2.7767344207941758
-0.6456121764917448,0.8701495667955939,1.2593166629528156,1.8337008566697677,1.1304711328052908,2.62721114270373
-0.6456121764917448,0.8701495667955939,1.2968579844929884,1.8942127223117904,1.1814981524469552,2.6407037820840356
-0.6456121764917448,0.8701495667955939,1.2928606541251608,1.8599914244387936,1.1974654921024392,2.620138380226121
-0.6456121764917448,0.8701495667955939,1.335535634096918,1.9247155557881113,1.2283222658551425,2.6888436924810946
-0.6456121764917448,0.8701495667955939,1.3218389548208211,1.901928652979664,1.1743333467437629,2.8290116871197304
-0.6456121764917448,0.8701495667955939,1.3315734016111056,1.9309995046873547,1.1335841472512245,2.8660121354678054
-0.6456121764917448,0.8701495667955939,1.3960666144013716,2.109644040325224,1.3047755703490733,3.030932428099753
-0.6456121764917448,0.8701495667955939,1.3389520528913155,1.9775341118631804,1.2740188755069797,2.696207199467982
-0.6456121764917448,0.8701495667955939,1.3800947410654778,2.084954086576472,1.375626150553704,2.716433524894673
-0.6456121764917448,0.8701495667955939,1.420318493021084,2.158387149694396,1.3984234403746008,2.933352541066727
-0.6456121764917448,0.8701495667955939,1.3794915685919482,2.1055680057707487,1.3499308876803668,2.929225797926829
-0.6456121764917448,0.8701495667955939,1.4147632939461712,2.1566320884436214,1.3908816194683953,3.0736372467299624
-0.6456121764917448,0.8701495667955939,1.475374921036841,2.293920322894243,1.4365327107580803,3.4864323211683126
-0.6456121764917448,0.8701495667955939,1.4521505469453475,2.245655339156795,1.4031398784235596,3.29543850517352
-0.6456121764917448,0.8701495667955939,1.4186177628447996,2.162671240640978,1.3923000462150377,2.8930437427091995
-0.6456121764917448,0.8701495667955939,1.4209286324691852,2.1610462960325223,1.3700160135891732,2.8603448442597146
-0.6456121764917448,0.8701495667955939,1.4343824924441069,2.1506900505339726,1.319393659157824,2.76655978318948
-0.6456121764917448,0.8701495667955939,1.4591221373779255,2.211556146140429,1.3536667259905295,2.895596459184452
-0.6456121764917448,0.8701495667955939,1.4698990972848658,2.28766986908256,1.3535213829320174,3.103007019521184
-0.6456121764917448,0.8701495667955939,1.3949156177973432,2.138862815878406,1.2467334887755803,2.9115457950177173
-0.6456121764917448,0.8701495667955939,1.4016250663834786,2.152701400461922,1.2066658247402098,2.915944919830903
-0.6456121764917448,0.8701495667955939,1.3902983738698669,2.1534364454305743,1.20652132226341,2.8249840201635426
-0.6456121764917448,0.8701495667955939,1.4547578094893157,2.3110244565896663,1.330540153400973,3.024459384961781
-0.6456121764917448,0.8701495667955939,1.4859129639493642,2.3421783596805237,1.351781028335325,3.2431285507791956
-0.6456121764917448,0.8701495667955939,1.5042064580927443,2.359868616034073,1.3887229390507465,3.208748930402997
-0.6456121764917448,0.8701495667955939,1.4748044218425085,2.338276131747677,1.3681518258539704,3.2360305224089276
-0.6456121764917448,0.8701495667955939,1.5126878046392036,2.396439278018339,1.4175484550312176,3.227297829225102
-0.6456121764917448,0.8701495667955939,1.488198663813762,2.3650708901325115,1.4096724972336347,3.355133898635172
-0.6456121764917448,0.8701495667955939,1.4967351825549036,2.385218243633008,1.482640448896048,3.5563822832316996
-0.6456121764917448,0.8701495667955939,1.3709966320086728,2.1103272375430118,1.1723639035655409,2.704076377778474
-0.6456121764917448,0.8701495667955939,1.3753294858906795,2.1514275843337396,1.2340931432682334,2.9829587296035327
-0.6456121764917448,0.8701495667955939,1.4251222324645303,2.2305931234521448,1.3523551878279847,3.1669604621940923
-0.6456121764917448,0.8701495667955939,1.4375765389367443,2.2331447273053766,1.3854991386793911,3.190347616136267
-0.6456121764917448,0.8701495667955939,1.458779514794018,2.253290239930016,1.4196316883654163,3.469474186575812
-0.6456121764917448,0.8701495667955939,1.4499003902747067,2.2504707314442762,1.4488658876596867,3.5282940639136884
-0.6456121764917448,0.8701495667955939,1.4751199103943389,2.285143604567688,1.5209106196254187,3.5893176785779835
-0.6456121764917448,0.8701495667955939,1.464266180187124,2.2163239599410858,1.4191259725273624,3.262245873836246
-0.6456121764917448,0.8701495667955939,1.482099705469161,2.2793664275442125,1.630075899034065,3.685468046287141
-0.6456121764917448,0.8701495667955939,1.5170496755295513,2.3507549995255257,1.8537543745958367,4.060614129724597
-0.6456121764917448,0.8701495667955939,1.5438526461226405,2.3651176879587634,1.9929519777680311,4.08333994693001
-0.6456121764917448,0.8701495667955939,1.5467728759745225,2.3513052751732726,1.9988341064087736,3.8669269175227527
-0.6456121764917448,0.8701495667955939,1.5669840242681603,2.372016146445467,2.1451726747405147,4.139978596347255
-0.6456121764917448,0.8701495667955939,1.558358669126924,2.3581088889306145,2.2445300933653667,4.123195217866213
-0.6456121764917448,0.8701495667955939,1.5379496946257172,2.346924770372563,2.3405456394066033,4.149804466117536
-0.6456121764917448,0.8701495667955939,1.5572357678546902,2.3275245753631646,2.4071252844100424,4.109084385820433
-0.6456121764917448,0.8701495667955939,1.5315460037371624,2.279369344863337,2.4574423997760486,4.110956318527515
-0.6456121764917448,0.8701495667955939,1.5273604953129405,2.2916941157167927,2.551056727981534,4.201552960683352
-0.6456121764917448,0.8701495667955939,1.5482448698900075,2.256862196809613,2.5644785186933854,4.033056542179088
-0.6456121764917448,0.8701495667955939,1.5566540356734209,2.253406477113852,2.612988883102097,4.00332566577632
-0.6456121764917448,0.8701495667955939,1.623795448258511,2.3435504758191774,2.7263434799510784,4.196923522308033
-0.6456121764917448,0.8701495667955939,1.6180772095728413,2.3546638576661594,2.8459536409708153,4.477682049050618
-0.6456121764917448,0.8701495667955939,1.5954538280120456,2.292928740342118,2.735604824097356,4.191508805610204
-0.6456121764917448,0.8701495667955939,1.588192300375041,2.3348393869324826,2.9004854974665553,4.5401272180103405
-0.6456121764917448,0.8701495667955939,1.5378779478090043,2.2680306465681994,2.8492497138977426,4.502672346431677
-0.6456121764917448,0.8701495667955939,1.5618585350568053,2.2445243078862327,2.79438205685918,4.388657948616154
-0.6456121764917448,0.8701495667955939,1.5779531407874785,2.266602818481689,2.874192286968341,4.452557907470574
-0.6456121764917448,0.8701495667955939,1.5382356337159755,2.143588432430077,2.6842530281092274,4.114969516594505
-0.6456121764917448,0.8701495667955939,1.5370508915565733,2.169872291723075,2.7678790839315055,4.320618414588697
-0.6456121764917448,0.8701495667955939,1.5085017052185388,2.1123245561129576,2.720779262391808,4.221021567169974
-0.6456121764917448,0.8701495667955939,1.5023040068399744,2.068971042672344,2.6377943115373585,4.117225375513407
-0.6456121764917448,0.8701495667955939,1.4731847075365607,2.0853512659454845,2.64053848393234,4.1230264587911
-0.6456121764917448,0.8701495667955939,1.409555135209022,1.9373590959758569,2.4063389847859877,3.7281785433022687
-0.6456121764917448,0.8701495667955939,1.4007336139547064,1.9161635199932736,2.437020826272209,3.901417074800415
-0.6456121764917448,0.8701495667955939,1.4118348540043937,1.991425266741948,2.5631441162203528,4.133880322849636
-0.6456121764917448,0.8701495667955939,1.4557878968351494,2.052124287156996,2.5917702709746355,4.169041907029654
-0.6456121764917448,0.8701495667955939,1.4335467510019182,1.9824663405506529,2.511701478895669,4.010287305006186
-0.6456121764917448,0.8701495667955939,1.437659592914092,2.025827406393991,2.551342430269356,3.9800256970689296
-0.6456121764917448,0.8701495667955939,1.4760449593443732,2.0996318358458317,2.6836608376755002,4.271471290642807
-0.6456121764917448,0.8701495667955939,1.485602632536981,2.1055600512701362,2.646923293585997,4.042894600046627
-0.6456121764917448,0.8701495667955939,1.5150638004612405,2.165486080278225,2.7684682050473426,4.383263685710899
-0.6456121764917448,0.8701495667955939,1.4882521234268673,2.105447300431818,2.668528893405518,4.223347917453502
-0.6456121764917448,0.8701495667955939,1.4670013379595224,2.064127506077488,2.602658701139928,4.104313903959395
-0.6456121764917448,0.8701495667955939,1.4942994386056183,2.0995332169787777,2.717849832997267,4.311153826323477
-0.6456121764917448,0.8701495667955939,1.5017185266219246,2.1105109195634184,2.745140415717131,4.329640743224108
-0.6456121764917448,0.8701495667955939,1.468910046823134,2.0012187832111064,2.5451685758148157,3.891379511080275
-0.6456121764917448,0.8701495667955939,1.4786343646165698,2.098527475857109,2.7371456891892456,4.311482628291476
-0.6456121764917448,0.8701495667955939,1.453766406104397,2.0814840471514575,2.6578039756918734,4.141570954699944
-0.6456121764917448,0.8701495667955939,1.435817510670594,2.0703463125021706,2.6641516029853474,4.234792289956771
-0.6456121764917448,0.8701495667955939,1.4352605559956573,2.0267614845582167,2.5569749381327544,4.090031125546823
-0.6456121764917448,0.8701495667955939,1.4852481848707575,2.111272629627587,2.714718217646949,4.2433725148286525
-0.6456121764917448,0.8701495667955939,1.4676667498399036,2.0811796215638014,2.676870618230065,4.240034672986767
-0.6456121764917448,0.8701495667955939,1.481841920360677,2.0446489263676875,2.582981774062719,3.973141405239754
-0.6456121764917448,0.8701495667955939,1.495398095543822,2.13393201146567,2.7541749536732585,4.394980294376004
-0.6456121764917448,0.8701495667955939,1.4984070586774263,2.062639021935935,2.6146088677077928,4.058895280534016
-0.6456121764917448,0.8701495667955939,1.4839747775375067,2.075964621394016,2.6509617858732626,4.065497575624704
-0.6456121764917448,0.8701495667955939,1.4947738000399606,2.0979415735979754,2.642443128833956,4.06070768473533
-0.6456121764917448,0.8701495667955939,1.4420129508534751,2.016369416994588,2.545599041768162,4.050632363711832
-0.6456121764917448,0.8701495667955939,1.4131746537686136,1.944534025179592,2.435682745635491,3.8971177116349063
-0.6456121764917448,0.8701495667955939,1.4852733976209676,2.1490320272550054,2.7839521578268864,4.435590238133822
-0.6456121764917448,0.8701495667955939,1.464634377167245,2.096029617018526,2.6966849295679984,4.223028248341382
-0.6456121764917448,0.8701495667955939,1.4745170585290193,2.098012283999104,2.7036253690339236,4.2649256650233855
-0.6456121764917448,0.8701495667955939,1.4477113208101928,2.034111064528869,2.567279662679455,4.0317389376096795
-0.6456121764917448,0.8701495667955939,1.4858966288910156,2.127430915600733,2.7180758061082937,4.418845865184208
-0.6456121764917448,0.8701495667955939,1.4610441145919948,2.0492080342484513,2.6293844606321195,4.1822206889546445
-0.6456121764917448,0.8701495667955939,1.4502796863599805,2.049966363994991,2.6434151532737746,4.184017584482265
-0.6456121764917448,0.8701495667955939,1.4942540313987787,2.1520156814498916,2.8014092327225093,4.46795699022585
-0.6456121764917448,0.8701495667955939,1.4740317804693848,2.088337050773747,2.707925807826297,4.303610109164544
-0.6456121764917448,0.8701495667955939,1.4449686229315684,2.0732640943545495,2.716078479428294,4.340767494794888
-0.6456121764917448,0.8701495667955939,1.440147338114404,2.024541367936769,2.6184274268165777,4.12236629720278
-0.6456121764917448,0.8701495667955939,1.4284381197939784,2.007467271121132,2.584276092054788,4.084685000282174
-0.6456121764917448,0.8701495667955939,1.4430546556616202,2.0005664258226874,2.558143976833853,3.9895253346065465
-0.6456121764917448,0.8701495667955939,1.4366931441521371,2.0425668633967486,2.643596655530527,4.200318243525568
-0.6456121764917448,0.8701495667955939,1.420184273742514,1.9853632310478329,2.5484849109982206,4.005071321215248
-0.6456121764917448,0.8701495667955939,1.4521371139547634,2.021677553868565,2.577410881543046,4.034390329011179
-0.6456121764917448,0.8701495667955939,1.4486451490259529,2.057061016969055,2.658972292776744,4.213703540378453
-0.6456121764917448,0.8701495667955939,1.4316581657787824,1.9957883733739223,2.5521183031749306,3.9904598793745296
-0.6456121764917448,0.8701495667955939,1.435060196721173,2.044638624860161,2.6515130054685527,4.222360869259888
-0.6456121764917448,0.8701495667955939,1.4318671568073782,2.0134934133327143,2.5923016129986953,4.093360171787344
-0.6456121764917448,0.8701495667955939,1.4698035664540463,2.0718407294493586,2.664820470506945,4.214856845534949
-0.6456121764917448,0.8701495667955939,1.485558790796928,2.0823806049225237,2.671208546337693,4.186327896440181
-0.6456121764917448,0.8701495667955939,1.4792564629201712,2.0735507895486567,2.6609444423201514,4.206532865346172
-0.6456121764917448,0.8701495667955939,1.4700396519395853,2.0922786152566406,2.7105471937390755,4.31937088363798
-0.6456121764917448,0.8701495667955939,1.4561681727681606,2.0300861261203,2.586297918794741,4.073693612089049
-0.6456121764917448,0.8701495667955939,1.45925785304801,2.054844588193685,2.6513955374992952,4.217992226149148
-0.6456121764917448,0.8701495667955939,1.4742778341066625,2.0836726491386632,2.6817250717205336,4.242351179611913
-0.6456121764917448,0.8701495667955939,1.4912679027071036,2.1119116821849815,2.736215729063669,4.271816918170739
-0.6456121764917448,0.8701495667955939,1.4909197438370623,2.070440957822422,2.6383916660152247,4.078359471624988
-0.6456121764917448,0.8701495667955939,1.4823251411335105,2.0814879772773707,2.6733675280435967,4.163329409290018
-0.6456121764917448,0.8701495667955939,1.479829641819271,2.058048768087764,2.622884282122493,4.205967302379013
-0.6456121764917448,0.8701495667955939,1.4562191323554547,2.064060107138741,2.6634666256325357,4.248212063810736
-0.6456121764917448,0.8701495667955939,1.465028927065354,2.032564687007619,2.6067237020084546,4.081984081317107
-0.6456121764917448,0.8701495667955939,1.4258905400332156,2.0106241287956483,2.6226207483344104,4.10751855951183
-0.6456121764917448,0.8701495667955939,1.439972777281422,2.0354445975093007,2.646620844778763,4.20892521083946
-0.6456121764917448,0.8701495667955939,1.468409240978808,2.0795795157507504,2.6916898475494815,4.189137137300084
-0.6456121764917448,0.8701495667955939,1.4649549878741324,2.072830056218472,2.672543498249607,4.153646707959231
-0.6456121764917448,0.8701495667955939,1.4356997005079988,2.030018065194272,2.612786091236087,4.142689864724156
-0.6456121764917448,0.8701495667955939,1.4272973182747213,1.9957775453148556,2.582086831697668,4.042960070572524
-0.6456121764917448,0.8701495667955939,1.4733774099996984,2.0869351004418464,2.705531579734784,4.264433920459921
-0.6456121764917448,0.8701495667955939,1.4413771247698133,2.037520712269042,2.6317567043418335,4.221188483424217
-0.6456121764917448,0.8701495667955939,1.4495961452996304,2.042905046968445,2.632293678193536,4.130302972420785
-0.6456121764917448,0.8701495667955939,1.4398029557726508,2.033980854909899,2.6397473933373754,4.113383415395661
-0.6456121764917448,0.8701495667955939,1.4234982905187998,2.0203266011335854,2.620488036270987,4.125155686062755
-0.6456121764917448,0.8701495667955939,1.4242331912862394,2.0382904215972486,2.64774831909974,4.202009294626412
-0.6456121764917448,0.8701495667955939,1.416172564947371,2.007063103401968,2.592470986098065,4.196665561521812
-0.6456121764917448,0.8701495667955939,1.4318252124915114,2.035570999026167,2.629794754312802,4.105867955148729
-0.6456121764917448,0.8701495667955939,1.449050595035278,2.045054631082247,2.6255474958242866,4.194955390706899
-0.6456121764917448,0.8701495667955939,1.4738663091358106,2.070039124820632,2.6745275812780536,4.268631929800852
-0.6456121764917448,0.8701495667955939,1.490160563621289,2.093903989074936,2.6740755174747566,4.162043860178824
-0.6456121764917448,0.8701495667955939,1.445848986636433,2.040514186949428,2.6659870951898954,4.186377997513999
-0.6456121764917448,0.8701495667955939,1.45064498349076,2.0475390320618545,2.6525952890109306,4.209396789639923
-0.6456121764917448,0.8701495667955939,1.4348607311435138,2.0128320892523424,2.583530570212021,4.065902491041528
-0.6456121764917448,0.8701495667955939,1.4671461585731136,2.0770398978210096,2.683960445462501,4.273155933422402
-0.6456121764917448,0.8701495667955939,1.4327789194210367,2.002758249322125,2.593463423408164,4.109377278641146
-0.6456121764917448,0.8701495667955939,1.4482765618119933,2.048597360766301,2.6422265867835386,4.191927286174881
-0.6456121764917448,0.8701495667955939,1.4444901468465887,2.0408541204129036,2.607506834824955,4.11613161923484
-0.6456121764917448,0.8701495667955939,1.459185250645353,2.077117109626916,2.6967285642266527,4.288433041197789
-0.6456121764917448,0.8701495667955939,1.4383179827756951,2.0023047860044474,2.555492559758649,3.986405960585621
-0.6456121764917448,0.8701495667955939,1.4259080543154845,1.9952518081834016,2.564821898976057,4.068082059785627
-0.6456121764917448,0.8701495667955939,1.4532309227418052,2.045193115165093,2.6260641208077757,4.17788118518814
-0.6456121764917448,0.8701495667955939,1.4449839588279767,2.042694072049412,2.6267223622951255,4.126698994443926
-0.6456121764917448,0.8701495667955939,1.4268940201032263,1.9995803627917967,2.571931933835176,4.057552536054733
-0.6456121764917448,0.8701495667955939,1.457842991909093,2.0431841949386893,2.596568965624356,4.156601622484434
-0.6456121764917448,0.8701495667955939,1.4470976693994457,2.039910284449413,2.6358634287631024,4.242193008135524
-0.6456121764917448,0.8701495667955939,1.429784159297144,2.0131211711511336,2.618950920746331,4.111320916832368
-0.6456121764917448,0.8701495667955939,1.462623280133846,2.062917992947535,2.6602065026676054,4.16768938906023
-0.6456121764917448,0.8701495667955939,1.4677928705612246,2.054923247913684,2.624263684513132,4.127908369396426
-0.6456121764917448,0.8701495667955939,1.445702241661339,2.0381011555128548,2.647666093277434,4.247594439995715
-0.6456121764917448,0.8701495667955939,1.4422542167880517,2.0300712820608853,2.6193748214272894,4.226061584639762
-0.6456121764917448,0.8701495667955939,1.4538504620390722,2.0450092257295265,2.601392810307634,4.095352032013153
-0.6456121764917448,0.8701495667955939,1.449262896337788,2.0448907930254294,2.619529823830862,4.1712651742441205
-0.6456121764917448,0.8701495667955939,1.4451492211686316,2.0329377005459075,2.5905544282372657,4.064564593189514
-0.6456121764917448,0.8701495667955939,1.4574675824887269,2.0544325384226414,2.6366394440075376,4.157577166237382
-0.6456121764917448,0.8701495667955939,1.4490979872583016,2.0438256947318076,2.633713747597128,4.092947779199891
-0.6456121764917448,0.8701495667955939,1.4459900176312377,2.0341435521070466,2.6189017067540816,4.1069176907381975
-0.6456121764917448,0.8701495667955939,1.4543352116899784,2.061857010444473,2.685674015235223,4.225791224724336
-0.6456121764917448,0.8701495667955939,1.428316424101717,2.007051528280361,2.606585734396784,4.113857721814441
-0.6456121764917448,0.8701495667955939,1.4515934542362996,2.0567977957950982,2.68229674759842,4.292038778312383
-0.6456121764917448,0.8701495667955939,1.4393914049802423,2.0271424235838604,2.6340020637219927,4.174302956558435
-0.6456121764917448,0.8701495667955939,1.4412531428208213,2.019290234780916,2.610045507055338,4.157484393403261
-0.6456121764917448,0.8701495667955939,1.461672341470148,2.056950992004936,2.635006628292508,4.128402323061019
-0.6456121764917448,0.8701495667955939,1.4241024745534625,1.99278775899224,2.5643816945322597,4.057656118153907
-0.6456121764917448,0.8701495667955939,1.4610389025477557,2.059996901590772,2.6637483295054984,4.2051178644148095
-0.6456121764917448,0.8701495667955939,1.4385501282867266,2.017332470493559,2.610891492794375,4.130732908312323
-0.6456121764917448,0.8701495667955939,1.472799705549104,2.090219979773211,2.711557877040889,4.263636514260675
-0.6456121764917448,0.8701495667955939,1.460977749821564,2.060361915830951,2.665411064160149,4.218384598735081
-0.6456121764917448,0.8701495667955939,1.4568742715765035,2.051642544821141,2.6334839496820646,4.151213339074529
-0.6456121764917448,0.8701495667955939,1.4532025543780753,2.0414082610087805,2.6345498970513233,4.13052249501648
-0.6456121764917448,0.8701495667955939,1.445962253861947,2.02592564023334,2.5959253023443103,4.131951252808218
-0.6456121764917448,0.8701495667955939,1.4687303119398245,2.0722196289584662,2.678068440348438,4.192560250469151
-0.6456121764917448,0.8701495667955939,1.4618446650468524,2.0669170385537337,2.69245698315999,4.217191868919898
-0.6456121764917448,0.8701495667955939,1.4355122198910168,2.015672039319463,2.619431164469273,4.124285845979192
-0.6456121764917448,0.8701495667955939,1.4556264755843251,2.0525240063625767,2.645140974189941,4.143914519726332
-0.6456121764917448,0.8701495667955939,1.4643307889907773,2.070026409971013,2.687034246437259,4.209454196632716
-0.6456121764917448,0.8701495667955939,1.4479465159881777,2.0483075904307126,2.677661615290132,4.191490010549252
-0.6456121764917448,0.8701495667955939,1.457202519441532,2.059698514859649,2.659093669904025,4.166182545394659
-0.6456121764917448,0.8701495667955939,1.4748783327214263,2.0915573289134217,2.7022536603918894,4.27440418335192
-0.6456121764917448,0.8701495667955939,1.443442913152042,2.029133951400613,2.617324078486528,4.1476810949546925
-0.6456121764917448,0.8701495667955939,1.4545757847715457,2.051209189093836,2.6616392520928835,4.220762608692781
-0.6456121764917448,0.8701495667955939,1.4466515712594912,2.032829826703366,2.626302142222952,4.169040323512838
-0.6456121764917448,0.8701495667955939,1.4595082305812348,2.060626030359561,2.658432893144569,4.205322227984528
-0.6456121764917448,0.8701495667955939,1.447881893326593,2.0359602589354004,2.6197903381941505,4.119902016009864
-0.6456121764917448,0.8701495667955939,1.4566601983114396,2.0538725185430944,2.627181541462549,4.122818103737546
-0.6456121764917448,0.8701495667955939,1.4605277838689648,2.0610063880531735,2.656646645933017,4.1877505575317455
-0.6456121764917448,0.8701495667955939,1.4648718533482974,2.070007877441904,2.673695363267542,4.223881181635772
-0.6456121764917448,0.8701495667955939,1.4449335729670068,2.0313435899531225,2.61561369054438,4.141893720226889
-0.6456121764917448,0.8701495667955939,1.4430673476361653,2.02759425679144,2.6046458546404687,4.083122609714273
-0.6456121764917448,0.8701495667955939,1.4565198319194308,2.052555912157147,2.646448620184652,4.156934284263084
-0.6456121764917448,0.8701495667955939,1.4586554052740777,2.0566343732044805,2.6665667772424926,4.204411931684719
-0.6456121764917448,0.8701495667955939,1.444191820222838,2.029631458289872,2.59964954629066,4.078355416827954
-0.6456121764917448,0.8701495667955939,1.4473991137645974,2.036768194228132,2.638339427772121,4.1700567687577434
-0.6456121764917448,0.8701495667955939,1.459623361807336,2.059600629608812,2.6608103303984962,4.194699616700372
-0.6456121764917448,0.8701495667955939,1.4569326950812693,2.054950130039247,2.6445964133475006,4.154420325414304
-0.6456121764917448,0.8701495667955939,1.454928486244714,2.04899684418974,2.62703477485906,4.145895058925108
-0.6456121764917448,0.8701495667955939,1.449934900126334,2.040345468528299,2.6321987583874518,4.180498954104488
-0.6456121764917448,0.8701495667955939,1.4627177025787326,2.064835048798728,2.66509050334877,4.238154896036765
-0.6456121764917448,0.8701495667955939,1.4580474886500436,2.057392161340208,2.65273311508406,4.17090516477975
-0.6456121764917448,0.8701495667955939,1.457739780853984,2.055022374870876,2.654064300018728,4.20043343083028
-0.6456121764917448,0.8701495667955939,1.4587499910357131,2.057984614591162,2.6456621851730944,4.176140002624127
-0.6456121764917448,0.8701495667955939,1.455342276434368,2.0498108580604217,2.642563519419995,4.14612622529174
-0.6456121764917448,0.8701495667955939,1.4572080351013383,2.0554620437753663,2.6473906287975373,4.163741773213872
-0.6456121764917448,0.8701495667955939,1.4581625740364395,2.05760265167595,2.6495903343201537,4.187674060766003
-0.6456121764917448,0.8701495667955939,1.4515949295363864,2.045385486368653,2.6324773626986233,4.12598780803144
-0.6456121764917448,0.8701495667955939,1.4503849880211828,2.0424592227382115,2.627161828938663,4.128708114291189
-0.6456121764917448,0.8701495667955939,1.4509726134008631,2.041940591119191,2.639406475562761,4.158365065620335
-0.6456121764917448,0.8701495667955939,1.4586486965329577,2.057408953860146,2.6341976629025017,4.137148902618902
-0.6456121764917448,0.8701495667955939,1.443388042482148,2.0271491292552906,2.6095225252187926,4.112856717612908
-0.6456121764917448,0.8701495667955939,1.4517644357049468,2.044248997901447,2.640433865049044,4.162772207577024
-0.6456121764917448,0.8701495667955939,1.452284261071352,2.0450182172174807,2.647589030791412,4.194577600479074
-0.6456121764917448,0.8701495667955939,1.452284261071352,2.0450640073254966,2.6316072012155973,4.153409116291633
-0.6456121764917448,0.8701495667955939,1.457776608040361,2.0573762973366554,2.6511830784756967,4.190465728395288
-0.6456121764917448,0.8701495667955939,1.46073663379255,2.0634748382092942,2.6577167251473166,4.192473505569261
-0.6456121764917448,0.8701495667955939,1.4505885929807938,2.0435926530729143,2.6352841573597687,4.160721357509109
-0.6456121764917448,0.8701495667955939,1.4565512802582097,2.0554787868991746,2.6443904792457147,4.168783170153717
-0.6456121764917448,0.8701495667955939,1.44750957313792,2.0366540720273227,2.6271750138980927,4.154410022842203
-0.6456121764917448,0.8701495667955939,1.4584639630545968,2.058171969492685,2.6519204921440367,4.183935781610664
-0.6456121764917448,0.8701495667955939,1.4489731501484406,2.0378603642174244,2.6311631757406504,4.162356855130054
-0.6456121764917448,0.8701495667955939,1.452527817628356,2.0456588944720617,2.6383899848238417,4.168322871436421
-0.6456121764917448,0.8701495667955939,1.4584106161327,2.057346430210084,2.6480479788178743,4.171815209382643
-0.6456121764917448,0.8701495667955939,1.4463664023468128,2.0331055158791544,2.6141389483785225,4.119920078999736
-0.6456121764917448,0.8701495667955939,1.4488437552569833,2.0388819544475463,2.6239408301634417,4.135564770317106
-0.6456121764917448,0.8701495667955939,1.4514983832098887,2.04308647993048,2.6335310069993008,4.156830541520989
-0.6456121764917448,0.8701495667955939,1.447072269580291,2.0361053569232292,2.6211801325337474,4.132812911948334
-0.6456121764917448,0.8701495667955939,1.4534208021810149,2.046960730363469,2.6373923904798344,4.160851082801162
-0.6456121764917448,0.8701495667955939,1.4527255982449083,2.044812146471889,2.63144649401592,4.149256540170152
-0.6456121764917448,0.8701495667955939,1.4524778730823331,2.045799250530069,2.6375447871648645,4.165660822201034
-0.6456121764917448,0.8701495667955939,1.446008054719852,2.032195909161931,2.6197417269070926,4.135083736168798
-0.6456121764917448,0.8701495667955939,1.4528614459509963,2.0472010800694944,2.6385430259971545,4.163365081564221
-0.6456121764917448,0.8701495667955939,1.4556808255230704,2.0515747054245534,2.6408564749745325,4.161927289323925
-0.6456121764917448,0.8701495667955939,1.4509434042241491,2.0423435532237026,2.6361389552333243,4.168172744771484
-0.6456121764917448,0.8701495667955939,1.4495022728877478,2.039420335945597,2.6294030904747054,4.15199865667496
-0.6456121764917448,0.8701495667955939,1.449013674234304,2.038144294048855,2.6239111994397306,4.135131676390634
-0.6456121764917448,0.8701495667955939,1.4536699275008511,2.0480191508618897,2.641111604160292,4.172995278814996
-0.6456121764917448,0.8701495667955939,1.455838742570814,2.0518766198800593,2.643735643855013,4.171462125955202
-0.6456121764917448,0.8701495667955939,1.4556755909232315,2.052425411449728,2.6424329909009208,4.16076112713966
-0.6456121764917448,0.8701495667955939,1.4550729670733369,2.050744033515252,2.6431297578976407,4.1730394042656735
-0.6456121764917448,0.8701495667955939,1.4525541642614817,2.0455118740655815,2.6352041143329408,4.157142118628164
-0.6456121764917448,0.8701495667955939,1.4521644002676943,2.044837555805912,2.6365129020999154,4.163048726260474
-0.6456121764917448,0.8701495667955939,1.4532963026232113,2.0468434999144938,2.6388487536290497,4.166501012850548
-0.6456121764917448,0.8701495667955939,1.4508801994616936,2.04158571684526,2.6307572903879266,4.15130027413209
-0.6456121764917448,0.8701495667955939,1.4526996507540355,2.0458332649777065,2.6372638113179456,4.16375807074118
-0.6456121764917448,0.8701495667955939,1.4518216058017477,2.0440883673181127,2.634646938598053,4.1594971809968655
-0.6456121764917448,0.8701495667955939,1.4510999798673203,2.0425709842442608,2.63233318431858,4.154779731509233
-0.6456121764917448,0.8701495667955939,1.4510999798673203,2.0424545790523103,2.631985918178623,4.15363252121268
-0.6456121764917448,0.8701495667955939,1.4512746724027084,2.0429343889725047,2.6310409939369825,4.148808670393049
