1.746630962273855,0.0049192467285262,-0.0049834725113827,1.0064573958156893,1.008711698587377,-0.8129875961359472
1.7466309622738547,0.0049192467285262,0.039911580906453,1.0515043389770493,1.0441120859433843,-0.8089404727577172
1.7466309622738547,0.0049192467285262,-0.0662839123964696,0.9426190181706188,0.958838666536513,-0.7670584308475835
1.7466309622738547,0.0049192467285262,-0.0710724345552938,0.9357966469382756,1.0285295028686237,-0.8836610152684954
1.7466309622738547,0.0049192467285262,-0.0295898890166281,0.9661923248955976,0.8350583868813451,-0.7067835390248217
1.7466309622738547,0.0049192467285262,-0.02931546081924,0.97253441379635,0.7743620974057674,-0.5104524481095447
1.7466309622738547,0.0049192467285262,-0.0085767823523136,0.972528151900874,0.5111664021983151,-0.0409516681391495
1.7466309622738547,0.0049192467285262,0.0238651610700397,0.9987926794703956,0.4999626125893931,0.1202184829669184
1.7466309622738547,0.0049192467285262,0.0023634001164946,0.9868681559000833,0.5430959768259236,0.1133655203981064
1.7466309622738547,0.0049192467285262,-0.0793531039079878,0.9196509756800676,0.5316143052583755,-0.3366242639816295
1.7466309622738547,0.0049192467285262,-0.0790778847688696,0.9132070202464896,0.4833901288122321,-0.2214280056613408
1.7466309622738547,0.0049192467285262,-0.0654951989935224,0.9343212590414396,0.4997426761116722,0.0674859742446702
1.7466309622738547,0.0049192467285262,-0.1180938809246928,0.8888238276876327,0.5260266121194895,0.0526317473887565
1.7466309622738547,0.0049192467285262,-0.1291371916192816,0.8756921337696858,0.6623575692267181,-0.0501636100508629
1.7466309622738547,0.0049192467285262,-0.1512434940446728,0.8488330128162652,0.7101181595143826,-0.0505489405286367
1.7466309622738547,0.0049192467285262,-0.1627501548854673,0.8421306436141399,0.7939376242273755,-0.1665526559579462
1.7466309622738547,0.0049192467285262,-0.1222897816456345,0.8706209105726677,0.9364568551876236,-0.1447240148847356
1.7466309622738547,0.0049192467285262,-0.1774590916976247,0.8132513688552073,0.9147971837909108,-0.2526387170561021
1.7466309622738547,0.0049192467285262,-0.2326389437783552,0.7584007216914468,1.0000718171114864,-0.3338421530246048
1.7466309622738547,0.0049192467285262,-0.2290210484691908,0.7420271669692534,1.0528662432809457,-0.5327713132545357
1.7466309622738547,0.0049192467285262,-0.182668060681668,0.7974357313916625,1.1220043447785684,-0.6210558647521994
1.7466309622738547,0.0049192467285262,-0.2620425898379567,0.7059283137141681,0.995875986299442,-0.4482453058772144
1.7466309622738547,0.0049192467285262,-0.2476374099923712,0.7401617750432044,0.8911519758548152,-0.2826963047989986
1.7466309622738547,0.0049192467285262,-0.1551364541521951,0.8388577812531083,1.057834887978485,-0.4179438442360184
1.7466309622738547,0.0049192467285262,-0.1261120560105945,0.8723661314985316,0.969475077537375,-0.2782599682722584
1.7466309622738547,0.0049192467285262,-0.1298161054949277,0.845387498133109,0.9106286497862062,-0.2225291363765423
1.7466309622738547,0.0049192467285262,-0.0632404671764354,0.9032418942507076,1.0076257992846824,-0.1827693365642064
1.7466309622738547,0.0049192467285262,-0.0940691193585867,0.8369014613248995,0.9820308580198448,-0.4456338261148983
1.7466309622738547,0.0049192467285262,-0.1780497356558971,0.7832755621472924,0.8623679255387371,-0.5039181672812113
1.7466309622738547,0.0049192467285262,-0.2044812391113105,0.7385342338885262,0.8354751591445868,-0.4074295663307187
1.7466309622738547,0.0049192467285262,-0.1649116970342485,0.7338509309971734,0.9624816781701588,-0.5849242844964281
1.7466309622738547,0.0049192467285262,-0.2026733001874249,0.7085425480230434,0.9177231588086788,-0.3993935060848739
1.7466309622738547,0.0049192467285262,-0.2159893348568101,0.6710650217586552,0.9464409379536896,-0.5124315975071811
1.7466309622738547,0.0049192467285262,-0.1993835932901058,0.6673923171406544,1.118322353584186,-0.8033890786642122
1.7466309622738547,0.0049192467285262,-0.1947717248135979,0.6854220186669772,1.1127290800805587,-0.818740585965575
1.7466309622738547,0.0049192467285262,-0.2087653327534289,0.6509539982237501,1.1378090395987914,-0.8130318865908259
1.7466309622738547,0.0049192467285262,-0.1666574436719969,0.7064933648584132,1.1937123504374805,-0.8103101391411252
1.7466309622738547,0.0049192467285262,-0.137673074588332,0.7180382690331594,1.2671155020671907,-0.8416656547179414
1.7466309622738547,0.0049192467285262,-0.1592111106406809,0.6919697720679278,1.287777781054542,-1.0278235835156393
1.7466309622738547,0.0049192467285262,-0.1224134528434314,0.7308045247702492,1.2464510172463297,-0.893378830705373
1.7466309622738547,0.0049192467285262,-0.1270215497781655,0.7234018082493564,1.1887987400232207,-0.816262851524087
1.7466309622738547,0.0049192467285262,-0.1376685154873538,0.728440421366809,1.1542929854903063,-0.7957452260255988
1.7466309622738547,0.0049192467285262,-0.1589523572941191,0.694186400671525,1.0748577993912012,-0.7993681334918384
1.7466309622738547,0.0049192467285262,-0.163852108596333,0.7045572754554349,1.00248156511443,-1.0135578455004317
1.7466309622738547,0.0049192467285262,-0.1407621454626969,0.7323751187883701,0.992352847569042,-0.9274936921096733
1.7466309622738547,0.0049192467285262,-0.129826407857431,0.7515595269036927,1.0462915361580312,-0.9827962653865682
1.7466309622738547,0.0049192467285262,-0.1282575013982101,0.7333595357114017,1.074872999948472,-1.0045189581635021
1.7466309622738547,0.0049192467285262,-0.0852154160803775,0.7982773307607316,1.134985239177984,-0.8423216366312059
1.7466309622738547,0.0049192467285262,-0.1134929900640483,0.7697980514392807,1.0953176698050044,-0.8870483150825192
1.7466309622738547,0.0049192467285262,-0.0778807995082814,0.7938819421285455,1.2046477981504269,-0.9510304340950848
1.7466309622738547,0.0049192467285262,-0.1249785202495952,0.7499390506249087,1.2108974971373256,-1.0030307188931555
1.7466309622738547,0.0049192467285262,-0.1046943169583515,0.7806849044714445,1.2395066420775278,-0.9414644340089916
1.7466309622738547,0.0049192467285262,-0.0916657158498105,0.7893387703633432,1.3127458657203916,-0.9853565621241044
1.7466309622738547,0.0049192467285262,-0.0871226666150517,0.8013420230719994,1.2316563169987835,-1.1018662115825988
1.7466309622738547,0.0049192467285262,-0.0893842358348502,0.7811487919026432,1.2698838332417928,-1.1933931510878328
1.7466309622738547,0.0049192467285262,-0.1291672547392034,0.7401376086579727,1.2280380645368316,-1.2416129885232896
1.7466309622738547,0.0049192467285262,-0.0911800497446272,0.8050897757434002,1.2407646207401757,-1.076540071629274
1.7466309622738547,0.0049192467285262,-0.0882213722074057,0.7929719914147699,1.275081818549075,-1.0673294508261373
1.7466309622738547,0.0049192467285262,-0.0682936857284007,0.8054699244631894,1.310976452500768,-1.0416960515064455
1.7466309622738547,0.0049192467285262,-0.0037741918578906,0.8813795929475207,1.3346688226776455,-1.0512019417659892
1.7466309622738547,0.0049192467285262,0.0553438119788004,0.9964291463118295,1.3933503397468612,-0.975381747501745
1.7466309622738547,0.0049192467285262,-0.0433481659826906,0.860221569766826,1.4270138038308031,-0.992130650549527
1.7466309622738547,0.0049192467285262,-0.0688118520485442,0.841966207822457,1.4402575246228324,-0.9269352805224866
1.7466309622738547,0.0049192467285262,-0.0506954264228044,0.8976305194577613,1.394062638034239,-0.9089489174956428
1.7466309622738547,0.0049192467285262,-0.0320077834211746,0.8956501429071619,1.4327471655808124,-0.9740105646715206
1.7466309622738547,0.0049192467285262,0.0795435618824674,1.0325719829820459,1.5005958209661867,-0.9228079561962388
1.7466309622738547,0.0049192467285262,0.2509071152280605,1.229190805582009,1.5997101615121756,-0.7773873811907119
1.7466309622738547,0.0049192467285262,0.3143264089072651,1.2867689865470404,1.7184606438156638,-0.7507398373178223
1.7466309622738547,0.0049192467285262,0.2828664738903348,1.2612244760761628,1.6012897293406907,-0.7054733023202306
1.7466309622738547,0.0049192467285262,0.381860003276187,1.3821322488043852,1.515396591337525,-0.6316235355521495
1.7466309622738547,0.0049192467285262,0.304062228316347,1.282973942124866,1.5024568206236917,-0.644048840737219
1.7466309622738547,0.0049192467285262,0.283532849644348,1.2400432408575393,1.4840534400284213,-0.8198510060926858
1.7466309622738547,0.0049192467285262,0.2953760862281595,1.2259421017463543,1.56356044783,-0.8723128091367637
1.7466309622738547,0.0049192467285262,0.3294180360065075,1.2844680784773483,1.5618988836100334,-0.7782016161650837
1.7466309622738547,0.0049192467285262,0.3431082833792376,1.2956732692921569,1.5895263393756287,-0.7020767867425486
1.7466309622738547,0.0049192467285262,0.3990618684722468,1.3346285270700968,1.8019215412527163,-0.597878914860192
1.7466309622738547,0.0049192467285262,0.4661625206075554,1.4449688066942197,1.7936256997196451,-0.5516772735769397
1.7466309622738547,0.0049192467285262,0.4496104952531376,1.4253446621469497,1.7572312008001365,-0.5363338631806787
1.7466309622738547,0.0049192467285262,0.392193110852268,1.3414129772611,1.7057005415853244,-0.5042107680716587
1.7466309622738547,0.0049192467285262,0.4668021824939684,1.43142954087553,1.7897026557070603,-0.475011892255736
1.7466309622738547,0.0049192467285262,0.50000651484053,1.4808592145048682,1.8426146764415088,-0.4409854609874601
1.7466309622738547,0.0049192467285262,0.4727775447908323,1.4415322039827203,1.8409720549046384,-0.3950156116349901
1.7466309622738547,0.0049192467285262,0.50591022898695,1.4679320726467755,1.836265388856008,-0.377159834635374
1.7466309622738547,0.0049192467285262,0.4956582390337205,1.4375042169970844,1.884127264200556,-0.3319292870319623
1.7466309622738547,0.0049192467285262,0.5728237375626344,1.5318978688288047,2.0261754868971797,-0.3093577005213954
1.7466309622738547,0.0049192467285262,0.5421558481532495,1.4901654712852532,2.062675039795336,-0.2960950474835375
1.7466309622738547,0.0049192467285262,0.5535444622462937,1.4997829317046478,2.0376150599286778,-0.3976818315465425
1.7466309622738547,0.0049192467285262,0.4796626829198336,1.4227911764574885,2.000721553988657,-0.4495244042576545
1.7466309622738547,0.0049192467285262,0.4286526539649727,1.3350224068696075,1.9895427657193716,-0.4308836421870623
1.7466309622738547,0.0049192467285262,0.481797782352878,1.3927139752764373,2.060680563548581,-0.388070285974638
1.7466309622738547,0.0049192467285262,0.4830501404114133,1.3904079846021573,1.9530781230469143,-0.4113511390082292
1.7466309622738547,0.0049192467285262,0.4558547892603363,1.3336685722813908,1.8757586164484013,-0.3816181926764403
1.7466309622738547,0.0049192467285262,0.4390347874714657,1.271248614142838,1.9385396915481223,-0.4136618569463059
1.7466309622738547,0.0049192467285262,0.4471517897210767,1.2703135825244778,1.9341712941743836,-0.3794114302341516
1.7466309622738547,0.0049192467285262,0.4958390413887576,1.3534473571166887,2.00306119430595,-0.2857138451600854
1.7466309622738547,0.0049192467285262,0.5576135608496645,1.494229923855806,1.9829470890153311,-0.2181283462804883
1.7466309622738547,0.0049192467285262,0.5580203455288354,1.5111951225580968,2.0122148429633366,-0.1967932359159849
1.7466309622738547,0.0049192467285262,0.62587629040446,1.6227596036494585,2.1175264180897626,-0.1564612514303778
1.7466309622738547,0.0049192467285262,0.5761348277933444,1.5502276258191605,2.0943222990514867,-0.2243957557242131
1.7466309622738547,0.0049192467285262,0.549237112505556,1.4899984272622464,2.0814387029814685,-0.2514234042142911
1.7466309622738547,0.0049192467285262,0.5690923507502652,1.5199166851725185,2.13569722490834,-0.2104573900538085
1.7466309622738547,0.0049192467285262,0.6241807432682761,1.5634209592677277,2.1690667981334903,-0.2055068937743819
1.7466309622738547,0.0049192467285262,0.5654001894138339,1.4679420460195207,2.1284318448614226,-0.2646730894255864
1.7466309622738547,0.0049192467285262,0.5988835048853332,1.48869155002675,2.1319074691248074,-0.1789502638437897
1.7466309622738547,0.0049192467285262,0.564683277657535,1.4169972078982067,2.042327464503516,-0.1777128089121879
1.7466309622738547,0.0049192467285262,0.5611992046257815,1.3709981643967712,1.9934369399174223,-0.192129472252846
1.7466309622738547,0.0049192467285262,0.5866990719793825,1.3924511658409722,1.9647424321303997,-0.1616943136281195
1.7466309622738547,0.0049192467285262,0.6289250587632453,1.472233572636588,2.128085982806828,-0.1617327296470753
1.7466309622738547,0.0049192467285262,0.6242096880780089,1.4422068033892923,2.0664738949623755,-0.1288506550561234
1.7466309622738547,0.0049192467285262,0.5989487859895947,1.4166026875397928,2.0467827029568597,-0.1365539597136368
1.7466309622738547,0.0049192467285262,0.5788931859394513,1.344186069850536,2.077821877297441,-0.0914779580414685
1.7466309622738547,0.0049192467285262,0.5858108920066418,1.3509529934937798,2.188582250681553,-0.0537238991347021
1.7466309622738547,0.0049192467285262,0.6190019924430228,1.4279735780313465,2.228210295790496,-0.0718125154783936
1.7466309622738547,0.0049192467285262,0.5535080340077237,1.3114572466336176,2.189054314635254,-0.0487978204876501
1.7466309622738547,0.0049192467285262,0.6206363558019878,1.4449011377835832,2.264871873075046,-0.0615907412296756
1.7466309622738547,0.0049192467285262,0.5770616450320442,1.3193544052718353,2.1821340015749886,-0.0075332798192031
1.7466309622738547,0.0049192467285262,0.6153963833580808,1.3670152393548087,2.225941466945192,0.0057669307089358
1.7466309622738547,0.0049192467285262,0.6525601160707623,1.4543160821421806,2.313827065134584,-0.0357139741545114
1.7466309622738547,0.0049192467285262,0.6264344955036629,1.429016388738996,2.2323883107309475,-0.039559852277054
1.7466309622738547,0.0049192467285262,0.6325347422462457,1.429296152679158,2.082612067945439,-0.0456767478341488
1.7466309622738547,0.0049192467285262,0.6212599875471326,1.397316967014935,1.9550050648767192,-0.0032937004486616
1.7466309622738547,0.0049192467285262,0.5821190490530793,1.3806645634699684,2.033065234407204,-0.0994987439400305
1.7466309622738547,0.0049192467285262,0.6074854564404318,1.375106609743271,2.0214127375340047,-0.032958567076844
1.7466309622738547,0.0049192467285262,0.6277067624510203,1.4002871268604744,2.0652224006813165,0.0049952757686978
1.7466309622738547,0.0049192467285262,0.5661890612586631,1.324973623001987,2.0851718554913257,-0.0512841639593148
1.7466309622738547,0.0049192467285262,0.6304951922585948,1.4813082055233193,2.2402480003613015,-0.0584956692614687
1.7466309622738547,0.0049192467285262,0.5912811957291463,1.4406846272787919,2.1658997380559053,-0.0837220894271879
1.7466309622738547,0.0049192467285262,0.5926635902295533,1.343918267449348,1.9775385980186992,-0.077804329707308
1.7466309622738547,0.0049192467285262,0.5955903884113884,1.3802013422050372,1.955762326495836,-0.0451085125860234
1.7466309622738547,0.0049192467285262,0.605852308084719,1.408119164371036,2.0188743071237063,-0.0035114236131926
1.7466309622738547,0.0049192467285262,0.6384938620955942,1.5093273480546987,2.1417362269726725,-0.0165779029594682
1.7466309622738547,0.0049192467285262,0.6517347560793109,1.4946736397860527,2.118362085558932,0.0183539726712416
1.7466309622738547,0.0049192467285262,0.6242747289490729,1.4099729039725857,1.9305778755671787,0.0686305686527036
1.7466309622738547,0.0049192467285262,0.6420058150524857,1.4598007092131684,2.016646426360772,0.0468222469923233
1.7466309622738547,0.0049192467285262,0.6058879037702684,1.4513167275632424,2.081109713493369,-0.0434378932409303
1.7466309622738547,0.0049192467285262,0.5820006592181184,1.4150274548658295,1.9983880337832969,-0.0244507403528945
1.7466309622738547,0.0049192467285262,0.5891422001367451,1.423618967739812,2.0412777312422565,-0.1296808263151186
1.7466309622738547,0.0049192467285262,0.5976768470147663,1.464065403384647,2.0849536937627247,-0.1771964186319938
1.7466309622738547,0.0049192467285262,0.5628393634682809,1.385137139515954,2.0527547278105236,-0.1109123320563499
1.7466309622738547,0.0049192467285262,0.5323186694751025,1.3529067715668763,1.9906123956397663,0.0004427227060936
1.7466309622738547,0.0049192467285262,0.554983842598362,1.364736056994858,2.067746055093798,-0.0435002090602263
1.7466309622738547,0.0049192467285262,0.6191917811562112,1.3967735977325189,2.168001372033036,-0.0197859352493862
1.7466309622738547,0.0049192467285262,0.6442328045287582,1.3871975523752773,2.1378170523289146,0.0366628954061434
1.7466309622738547,0.0049192467285262,0.6190500692160179,1.3498874591680607,2.115774345257992,0.0920665740519792
1.7466309622738547,0.0049192467285262,0.6266208460521909,1.4055649503254184,2.036217492052722,0.0255974162878084
1.7466309622738547,0.0049192467285262,0.6419347148007067,1.4236633442541275,2.1357776793383825,0.0109835645025407
1.7466309622738547,0.0049192467285262,0.6069279413474306,1.3549156334513779,2.058830817729224,-0.003491511674794
1.7466309622738547,0.0049192467285262,0.55300595001905,1.3170528671904496,2.0360860349218277,-0.0454434306898086
1.7466309622738547,0.0049192467285262,0.5495689279671103,1.3040927293955973,2.0576969171529527,-0.0957337996136236
1.7466309622738547,0.0049192467285262,0.5854367064946397,1.3467638392900747,2.0526473636192537,-0.0587443012491822
1.7466309622738547,0.0049192467285262,0.5574308956140919,1.3182256860953907,1.96939432705905,-0.0526479007041844
1.7466309622738547,0.0049192467285262,0.5926503208705687,1.3584798545988817,2.031434942040836,0.0498236543475296
1.7466309622738547,0.0049192467285262,0.6207741778112245,1.371649664955786,2.082260370680121,0.030533736030255
1.7466309622738547,0.0049192467285262,0.6106954074471304,1.3644864985898877,2.115570559802163,0.0058500890872933
1.7466309622738547,0.0049192467285262,0.6475654601640545,1.4216736280881903,2.111510108683922,0.0460555650086457
1.7466309622738547,0.0049192467285262,0.6311448532310034,1.3856410306560298,2.100356951577455,0.0157483266577815
1.7466309622738547,0.0049192467285262,0.6260842414653085,1.3524710162629108,2.1519909265356953,-0.0110315462234596
1.7466309622738547,0.0049192467285262,0.6106173300875203,1.336507555837476,2.0767144393331303,0.0355819717778358
1.7466309622738547,0.0049192467285262,0.6358983283342308,1.3562988308944548,2.0651014093647766,0.0592863072513609
1.7466309622738547,0.0049192467285262,0.6292783884037153,1.3495415283941812,2.0740893769798503,0.0752964326592188
1.7466309622738547,0.0049192467285262,0.6034602383924155,1.345878905898654,2.157407578731807,0.061090664072329
1.7466309622738547,0.0049192467285262,0.5639625723085386,1.2935280553718311,2.165293227190365,-0.043481631306467
1.7466309622738547,0.0049192467285262,0.5470291120673573,1.310129285237944,2.146122203837532,0.0148577025728961
1.7466309622738547,0.0049192467285262,0.5506422803513082,1.3009134035691172,2.1092116711051148,0.0276607669027717
1.7466309622738547,0.0049192467285262,0.5559193987902291,1.3309157380758014,2.112102076387708,0.0151794860716016
1.7466309622738547,0.0049192467285262,0.5425653432453096,1.3415120318813591,2.181571011904799,0.0126532599145238
1.7466309622738547,0.0049192467285262,0.5478506501391402,1.3920366247002558,2.257628486152836,-0.0402930876211498
1.7466309622738547,0.0049192467285262,0.6334465704848369,1.493115344334466,2.3592428030606443,0.0614308924103873
1.7466309622738547,0.0049192467285262,0.5948312686779487,1.4114108750616188,2.3138629177267367,0.0261309882209267
1.7466309622738547,0.0049192467285262,0.525001159551929,1.2802971481837044,2.1086790770998816,-0.0243163836636305
1.7466309622738547,0.0049192467285262,0.4958632933080051,1.2716613552861085,2.1117415992978374,-0.0681176970682376
1.7466309622738547,0.0049192467285262,0.3959048817572273,1.1313526828020228,1.9903655779216,-0.0967765351775557
1.7466309622738547,0.0049192467285262,0.328155793203196,0.9650556903871615,1.831224925861296,-0.1906533003487796
1.7466309622738547,0.0049192467285262,0.4151949003084637,1.120536331515939,2.0290809148631586,-0.12081001556708
1.7466309622738547,0.0049192467285262,0.3507116721769925,0.992997806491638,1.8936373443560983,-0.2333304649577938
1.7466309622738547,0.0049192467285262,0.23474609789097,0.7478759775580457,1.5400500996582034,-0.2095966769394506
1.7466309622738547,0.0049192467285262,0.2425928816460227,0.8318888399284275,1.729618367804516,-0.3765111023822533
1.7466309622738547,0.0049192467285262,0.2100466298762467,0.734757832394717,1.6100226201906909,-0.4476633267906395
1.7466309622738547,0.0049192467285262,0.1712262060311617,0.6278968864874515,1.4396877851378955,-0.5604579762432851
1.7466309622738547,0.0049192467285262,0.1893947561900594,0.6589416864125914,1.4628403352239485,-0.5467806983394158
1.7466309622738547,0.0049192467285262,0.1351258791011602,0.4599030258936816,1.2116544294106006,-0.6994884920980372
1.7466309622738547,0.0049192467285262,0.0580749696084084,0.2967157144901158,1.001715177941546,-0.7694839586625221
1.7466309622738547,0.0049192467285262,0.0604971126736477,0.2901019704258544,0.952642211662248,-0.5684495131142341
1.7466309622738547,0.0049192467285262,0.129470596109816,0.3862803281144741,1.052671167172526,-0.5565051590669275
1.7466309622738547,0.0049192467285262,0.1631715931706405,0.4909968816756341,1.3006649149010157,-0.5925152579784522
1.7466309622738547,0.0049192467285262,0.1661403740564485,0.3658159624947703,1.068882743829222,-0.5139924081797345
1.7466309622738547,0.0049192467285262,0.191605871001924,0.3633374866384633,0.9867558844135774,-0.3189447049692979
1.7466309622738547,0.0049192467285262,0.0884578872552672,0.2057031547382627,0.776531555024338,-0.3027210235269086
1.7466309622738547,0.0049192467285262,0.148711201036616,0.3797341862108296,1.0085835842943125,-0.4378523260851311
1.7466309622738547,0.0049192467285262,0.1879951864329755,0.5352049384335673,1.300326875082132,-0.5195481111024387
1.7466309622738547,0.0049192467285262,0.2248260075263864,0.6936651496139651,1.4885541517060628,-0.4554519503520091
1.7466309622738547,0.0049192467285262,0.1751705519212479,0.5891432818618988,1.380751764219459,-0.3276827001457428
1.7466309622738547,0.0049192467285262,0.1272144822123626,0.5473991463237283,1.3582715440704405,-0.517066815381773
1.7466309622738547,0.0049192467285262,-0.0633489669391344,0.1364740085664104,0.8338721962762111,-0.6367209335052966
1.7466309622738547,0.0049192467285262,-0.0381877481184042,0.1387966985082701,0.8506551491908158,-0.7519918773274248
1.7466309622738547,0.0049192467285262,-0.0499234392454302,0.128691764560803,0.8693448817424408,-0.9234015082485972
1.7466309622738547,0.0049192467285262,-0.0746548639395073,0.0752841072041232,0.8170057985392134,-0.9671786533094234
1.7466309622738547,0.0049192467285262,-0.1499304225692056,-0.0899759900261476,0.5946646463212611,-1.1454267961168052
1.7466309622738547,0.0049192467285262,-0.157980031311833,-0.134462932364974,0.5385241479375869,-1.1845708725637
1.7466309622738547,0.0049192467285262,-0.2033448372949634,-0.2176647806457158,0.3981014046157812,-1.0632728007427148
1.7466309622738547,0.0049192467285262,-0.2889502413673572,-0.4621976160580801,-0.077807245094028,-1.0490132810344526
1.7466309622738547,0.0049192467285262,-0.2919237682023402,-0.4455159885160417,0.0354034136205439,-1.1666899900834689
1.7466309622738547,0.0049192467285262,-0.2491537834389841,-0.3473045720858639,0.2218653075574406,-1.1406109841636427
1.7466309622738547,0.0049192467285262,-0.2654387060825738,-0.3342459491218186,0.2815837599273189,-0.905612083908678
1.7466309622738547,0.0049192467285262,-0.2790412409144741,-0.419790117571716,0.1758342974520749,-1.0838415550064382
1.7466309622738547,0.0049192467285262,-0.2392552324898046,-0.3714336665707369,0.2799215046403234,-0.9563739019518294
1.7466309622738547,0.0049192467285262,-0.2609293796512754,-0.397641729634041,0.2771164235776317,-1.2739108490717388
1.7466309622738547,0.0049192467285262,-0.3581702604962544,-0.5897803325613696,-0.1113664304635241,-1.1602870448505893
1.7466309622738547,0.0049192467285262,-0.3931050256255509,-0.6857373259482922,-0.2026305051866555,-1.1581040643705867
1.7466309622738547,0.0049192467285262,-0.4012320998151541,-0.6617517002553261,-0.0735514872771401,-1.3827012716730334
1.7466309622738547,0.0049192467285262,-0.3705912805578027,-0.6102022132806632,-0.0139742386199996,-1.379813547074456
1.7466309622738547,0.0049192467285262,-0.5347005188006811,-0.960116018732965,-0.434738257834203,-1.594914734825449
1.7466309622738547,0.0049192467285262,-0.5173822236844994,-0.9805572915802364,-0.3709585312327649,-1.6845509106165857
1.7466309622738547,0.0049192467285262,-0.4187304680765374,-0.7398170088042337,-0.0468568958357037,-1.672873786714612
1.7466309622738547,0.0049192467285262,-0.4395283830077084,-0.77394548011183,-0.0541449423781032,-1.798748671961548
1.7466309622738547,0.0049192467285262,-0.5306297277356526,-0.9495766336729692,-0.2478516486565764,-2.0561418944667382
1.7466309622738547,0.0049192467285262,-0.5127913795022246,-0.8658028708389413,-0.1576848942646041,-1.9590398363541817
1.7466309622738547,0.0049192467285262,-0.4973015540472046,-0.8097655284114793,-0.0950232586787435,-1.6718469859844463
1.7466309622738547,0.0049192467285262,-0.4464256838383742,-0.6914012268563043,0.1005850147776226,-1.842461617869752
1.7466309622738547,0.0049192467285262,-0.4887967748286929,-0.7747854939638528,0.0278815312190941,-1.8341354252248667
1.7466309622738547,0.0049192467285262,-0.4984661482138954,-0.8245861851997695,-0.0506723528156995,-1.7397605279814727
1.7466309622738547,0.0049192467285262,-0.5244987200819057,-0.9132300874858108,-0.1870396143293816,-1.5709465108726397
1.7466309622738547,0.0049192467285262,-0.6270711529232108,-1.0887261984202552,-0.4149607222107871,-1.687468940221396
1.7466309622738547,0.0049192467285262,-0.6538711230916351,-1.070828504843572,-0.4380359301982733,-1.6822052463806088
1.7466309622738547,0.0049192467285262,-0.6437376890080362,-1.0319861737912208,-0.3535131279578039,-1.9144845908883192
1.7466309622738547,0.0049192467285262,-0.678969584703593,-1.1339439937439229,-0.5315348264428045,-1.8391262050304076
1.7466309622738547,0.0049192467285262,-0.6887369804147544,-1.148606822152059,-0.6195868678288508,-1.7453632072742156
1.7466309622738547,0.0049192467285262,-0.6846834361260501,-1.1928354330863191,-0.6692366167531639,-1.81749830220042
1.7466309622738547,0.0049192467285262,-0.653111697110333,-1.199937911429268,-0.7037978320238786,-1.7288381483399151
1.7466309622738547,0.0049192467285262,-0.651842428562524,-1.2301924007225093,-0.7533852887160795,-1.6831483089490664
1.7466309622738547,0.0049192467285262,-0.6523297690825604,-1.2501157936257057,-0.7864190934350132,-1.9410346588564973
1.7466309622738547,0.0049192467285262,-0.6792267025691926,-1.325581282154804,-0.8841422920262775,-1.9425388452881989
1.7466309622738547,0.0049192467285262,-0.6643731125562624,-1.272565836339986,-0.8898655879524612,-1.7671530861154734
1.7466309622738547,0.0049192467285262,-0.6734665288557503,-1.2965179457214395,-1.0220240370929219,-1.6296814237234636
1.7466309622738547,0.0049192467285262,-0.7356851169398414,-1.426729705600715,-1.2023672484569894,-1.567426783621066
1.7466309622738547,0.0049192467285262,-0.7126323154277839,-1.3571741344536108,-1.013680379264193,-1.822738441244488
1.7466309622738547,0.0049192467285262,-0.7438997773726534,-1.3874848290852846,-1.0393819341546715,-1.737525881414684
1.7466309622738547,0.0049192467285262,-0.7479772126017659,-1.3982168590656237,-1.0940535597021168,-1.6902020410009275
1.7466309622738547,0.0049192467285262,-0.761409685385617,-1.3622060005846193,-0.9453312675341498,-1.6817864675684389
1.7466309622738547,0.0049192467285262,-0.7358687782084334,-1.329451538694933,-0.959728983907158,-1.6000370648909514
1.7466309622738547,0.0049192467285262,-0.7692306655703456,-1.442519102653884,-1.1115034458454756,-1.758322466531274
1.7466309622738547,0.0049192467285262,-0.8148761129415184,-1.5778416388694596,-1.3115854374838036,-1.83563326891552
1.7466309622738547,0.0049192467285262,-0.769907042326527,-1.4844214180735995,-1.0554432691741755,-1.9961254486729896
1.7466309622738547,0.0049192467285262,-0.8061417228166016,-1.578421912670571,-1.164622686232286,-2.187278360667164
1.7466309622738547,0.0049192467285262,-0.8498953513404175,-1.6420807999858897,-1.227661003927496,-2.296561731421107
1.7466309622738547,0.0049192467285262,-0.8786734040249321,-1.6724949981089992,-1.293911441182336,-2.141067519134205
1.7466309622738547,0.0049192467285262,-0.8732008165611312,-1.6703098409132136,-1.2625580865577097,-2.2798303313282946
1.7466309622738547,0.0049192467285262,-0.8863941603929657,-1.7117526153930998,-1.3989361402159746,-2.1058047316304536
1.7466309622738547,0.0049192467285262,-0.9199199426806656,-1.8059289098930649,-1.6381911446918664,-1.938304141796774
1.7466309622738547,0.0049192467285262,-0.9138185857577856,-1.8000221429153236,-1.6340195812189413,-2.0124314557548995
1.7466309622738547,0.0049192467285262,-0.8953073932627214,-1.7089347488061395,-1.447124315494323,-2.022640993659561
1.7466309622738547,0.0049192467285262,-0.9042156043175597,-1.7162396261964856,-1.4402323922349056,-2.0827060547060126
1.7466309622738547,0.0049192467285262,-0.8396273979100035,-1.6110236740433523,-1.136986071500823,-2.3541626325630816
1.7466309622738547,0.0049192467285262,-0.8310748711729598,-1.600549855837729,-1.162436621458783,-2.2203004180502406
1.7466309622738547,0.0049192467285262,-0.819446999912142,-1.6018998472825017,-1.238129152281095,-2.1735404368944056
1.7466309622738547,0.0049192467285262,-0.8285841571193985,-1.6147105369691688,-1.2061889073330938,-2.196246246130682
1.7466309622738547,0.0049192467285262,-0.8239874393524197,-1.6279515580548447,-1.2511472783169704,-2.162283041826643
1.7466309622738547,0.0049192467285262,-0.8350105602444386,-1.627364121597852,-1.2715131304213432,-2.162145795191867
1.7466309622738547,0.0049192467285262,-0.7768180897981429,-1.4858457323786007,-1.0449298431149865,-2.1813895879611054
1.7466309622738547,0.0049192467285262,-0.8328393265526638,-1.5741525059054886,-1.2360503827090559,-1.9708255204882132
1.7466309622738547,0.0049192467285262,-0.8206519985140072,-1.6315703895551117,-1.330733396223184,-2.051310344386131
1.7466309622738547,0.0049192467285262,-0.7404788407402609,-1.475127114700377,-1.0444407097355408,-2.1255383698211805
1.7466309622738547,0.0049192467285262,-0.7893164234732816,-1.5789266239020945,-1.2968534987852716,-1.9634972303246636
1.7466309622738547,0.0049192467285262,-0.8284197544246037,-1.668805513389081,-1.4207056112539744,-1.927491073861374
1.7466309622738547,0.0049192467285262,-0.811038739898575,-1.6339887064400969,-1.308611995144198,-2.0824429980709884
1.7466309622738547,0.0049192467285262,-0.7490798382153325,-1.5098958739840105,-0.9895163550880381,-2.3281924252037673
1.7466309622738547,0.0049192467285262,-0.7867316314010345,-1.5945122670409573,-1.0048324603294165,-2.506621665804329
1.7466309622738547,0.0049192467285262,-0.8322176173987123,-1.6881750103189628,-1.1613003713982424,-2.520751824193943
1.7466309622738547,0.0049192467285262,-0.8562246252573511,-1.7333396444664244,-1.2388951672614772,-2.5033182907466722
1.7466309622738547,0.0049192467285262,-0.8700531599058735,-1.761446956658918,-1.2698514693715475,-2.4851029455716684
1.7466309622738547,0.0049192467285262,-0.9005599896368908,-1.8278277642292735,-1.4516178409971363,-2.3629008927331743
1.7466309622738547,0.0049192467285262,-0.9036208270270364,-1.8349135342690732,-1.4091378494779336,-2.4255728489574664
1.7466309622738547,0.0049192467285262,-0.9199082651863189,-1.8656077091365395,-1.4349325170822789,-2.5400969957718798
1.7466309622738547,0.0049192467285262,-0.9710486055171584,-1.9708893229863325,-1.6053835623595265,-2.5289935645045194
1.7466309622738547,0.0049192467285262,-0.9628820855994066,-1.9538365838370328,-1.4839986154680826,-2.6258679371632847
1.7466309622738547,0.0049192467285262,-0.9514885877007276,-1.9274736605974487,-1.3127700333143442,-2.7981072120173733
1.7466309622738547,0.0049192467285262,-0.9461908346880356,-1.916301566118641,-1.2811723229061565,-2.797202899100562
1.7466309622738547,0.0049192467285262,-0.9524208978001982,-1.9329133382189612,-1.2813318197131212,-2.7386690995498735
1.7466309622738547,0.0049192467285262,-0.9313378553292716,-1.8884459034012044,-1.094652668569129,-2.8854154233764655
1.7466309622738547,0.0049192467285262,-0.9492612625579652,-1.9268798457587404,-1.1258215831726588,-3.056474804312583
1.7466309622738547,0.0049192467285262,-0.9634579254570272,-1.9580620750306688,-1.2179689549991333,-3.0726530239087775
1.7466309622738547,0.0049192467285262,-0.9627046263568256,-1.9495887364910869,-1.13815636088024,-3.1580616207151753
1.7466309622738547,0.0049192467285262,-0.9708332647704606,-1.9652306580771632,-1.158647389094012,-3.083021582446714
1.7466309622738547,0.0049192467285262,-0.9737318534117096,-1.9764577738529192,-1.150076228348256,-3.152919485786976
1.7466309622738547,0.0049192467285262,-0.9717239792452081,-1.9787335542644224,-1.1904115136221287,-3.1184141415627207
1.7466309622738547,0.0049192467285262,-0.9774815739225872,-1.9852790088838503,-1.3549332425383147,-2.912976416616572
1.7466309622738547,0.0049192467285262,-0.9688465135051711,-1.9705977804389596,-1.3722005681287264,-2.7703661612419985
1.7466309622738547,0.0049192467285262,-0.9642586590012124,-1.9610187592616288,-1.3091519758219639,-2.8461914425429433
1.7466309622738547,0.0049192467285262,-0.9719607029245008,-1.9755661681774133,-1.2212099436468453,-3.075892459467436
1.7466309622738547,0.0049192467285262,-0.9611062403231396,-1.9537433083320677,-1.2456876958983063,-2.970481505914704
1.7466309622738547,0.0049192467285262,-0.9624223932976936,-1.950140213770952,-1.2908776397733133,-2.920003087295244
1.7466309622738547,0.0049192467285262,-0.9676656876337352,-1.9638730301721423,-1.2690411762725597,-2.9855611392070047
1.7466309622738547,0.0049192467285262,-0.9482093096913188,-1.9240875297114253,-1.2854814202643068,-2.919655449747585
1.7466309622738547,0.0049192467285262,-0.9572747278068722,-1.94312306370392,-1.2936624780850785,-2.9649274488197
1.7466309622738547,0.0049192467285262,-0.9228581380802464,-1.87035662907874,-1.2764792589328429,-2.7883328616724667
1.7466309622738547,0.0049192467285262,-0.8777681370788346,-1.779420580482591,-1.2791070760507486,-2.5188672733871886
1.7466309622738547,0.0049192467285262,-0.8760114520913936,-1.7742782293387611,-1.1708361751334535,-2.636882726397305
1.7466309622738547,0.0049192467285262,-0.8646197088302452,-1.7498612660341128,-1.0618782101694468,-2.7936534314281727
1.7466309622738547,0.0049192467285262,-0.8769297538816403,-1.7751560833665507,-1.0847727102008398,-2.730509141715857
1.7466309622738547,0.0049192467285262,-0.8507782097197087,-1.7184521857004864,-1.1007734689499233,-2.528257654645247
1.7466309622738547,0.0049192467285262,-0.8138162903094049,-1.6463607925105392,-1.133740851657978,-2.283672543704896
1.7466309622738547,0.0049192467285262,-0.7979524679665846,-1.6154974845526593,-1.059575037391204,-2.2590590229611944
1.7466309622738547,0.0049192467285262,-0.8220053243349424,-1.6559093093825314,-1.0618654880223957,-2.4787948023781077
1.7466309622738547,0.0049192467285262,-0.7994512979900072,-1.6007951452461433,-1.0743935793644486,-2.340430096507769
1.7466309622738547,0.0049192467285262,-0.7707867676903494,-1.550080590716258,-1.005936938904562,-2.3744373086521575
1.7466309622738547,0.0049192467285262,-0.7764361849023913,-1.5646926195406097,-0.9063943206513584,-2.5354481665423827
1.7466309622738547,0.0049192467285262,-0.7537687523630568,-1.5265323196683311,-0.8249092633029941,-2.6347485577189964
1.7466309622738547,0.0049192467285262,-0.7987013352011907,-1.6134937399933096,-0.8400595516544968,-2.7355498682125923
1.7466309622738547,0.0049192467285262,-0.7514703271665195,-1.522501086501974,-0.83318663501223,-2.4871274673782304
1.7466309622738547,0.0049192467285262,-0.8069877369534177,-1.633476464354682,-0.8653151979726245,-2.7143619367372644
1.7466309622738547,0.0049192467285262,-0.7486926445954629,-1.5149569922252395,-0.8493839719164225,-2.5189720386278505
1.7466309622738547,0.0049192467285262,-0.7538316031469399,-1.5266326800777905,-0.8600764284655213,-2.5602236603668507
1.7466309622738547,0.0049192467285262,-0.6862942141742886,-1.3947243915867855,-0.8183801387691154,-2.2949085260090096
1.7466309622738547,0.0049192467285262,-0.6724364882261038,-1.3601444105379834,-0.7618953869001069,-2.29570163396542
1.7466309622738547,0.0049192467285262,-0.6994749116310588,-1.409934665345355,-0.7370433286557817,-2.473004233016447
1.7466309622738547,0.0049192467285262,-0.737017565713305,-1.4987599222614947,-0.7694807585933549,-2.6487574079058342
1.7466309622738547,0.0049192467285262,-0.6995039545791218,-1.4103528319975367,-0.7100890936501335,-2.505869373262264
1.7466309622738547,0.0049192467285262,-0.7452350869307809,-1.4887949330425216,-0.751394889241797,-2.643122979098325
1.7466309622738547,0.0049192467285262,-0.7651907609059277,-1.5051029782218373,-0.793160772177941,-2.630579781931293
1.7466309622738547,0.0049192467285262,-0.7814361991482577,-1.546080149969287,-0.8236271492273233,-2.6858779665403723
1.7466309622738547,0.0049192467285262,-0.7321578513074276,-1.4589276264190267,-0.781150015211464,-2.52869806891651
1.7466309622738547,0.0049192467285262,-0.7550249758905904,-1.5199949896843359,-0.8892376858422233,-2.52278871222241
1.7466309622738547,0.0049192467285262,-0.7075137379517838,-1.4377702859318695,-0.8438587972701962,-2.3850617917793
1.7466309622738547,0.0049192467285262,-0.6971072906096151,-1.4459219085238433,-0.8054728789688504,-2.4394467769882247
1.7466309622738547,0.0049192467285262,-0.6297439211284709,-1.320491586071056,-0.7227124219149547,-2.169383945778968
1.7466309622738547,0.0049192467285262,-0.6347250171701134,-1.3180276554766155,-0.71987903965621,-2.1095675686752093
1.7466309622738547,0.0049192467285262,-0.6744107963782919,-1.3870162573315628,-0.7536062068235708,-2.351813402008655
1.7466309622738547,0.0049192467285262,-0.6975705079930399,-1.4348278462317867,-0.807048939498297,-2.4026114949475224
1.7466309622738547,0.0049192467285262,-0.7610701986925901,-1.555118496310892,-0.8414077979890915,-2.629298873336935
1.7466309622738547,0.0049192467285262,-0.7513591111061884,-1.5316384975754096,-0.8366950610767457,-2.620031052851836
1.7466309622738547,0.0049192467285262,-0.7772331764972743,-1.56677813560405,-0.9142531101544474,-2.6343770486634424
1.7466309622738547,0.0049192467285262,-0.7864234670983182,-1.5598110604659567,-0.9739062461108996,-2.5414609810266255
1.7466309622738547,0.0049192467285262,-0.7932671140142061,-1.5485212855901156,-1.0224246877696341,-2.4435236571490524
1.7466309622738547,0.0049192467285262,-0.7609217992569218,-1.4738928738263115,-1.0333393494963667,-2.297716096702943
1.7466309622738547,0.0049192467285262,-0.7486964003912436,-1.4364424537682123,-1.0610284053332408,-2.108216209511768
1.7466309622738547,0.0049192467285262,-0.7165041780689148,-1.372167928731496,-1.0141985577271193,-1.9548331807209067
1.7466309622738547,0.0049192467285262,-0.6692885399535305,-1.2983843107159183,-0.8664654710922468,-1.9076865438988644
1.7466309622738547,0.0049192467285262,-0.7414070640084869,-1.4645601623038005,-0.9045005333698808,-2.2800864378997483
1.7466309622738547,0.0049192467285262,-0.7392015006322222,-1.474937241764764,-0.8960784013982059,-2.3563642248029866
1.7466309622738547,0.0049192467285262,-0.7272381890640247,-1.4688928615759764,-0.8498159951897781,-2.3359254919586783
1.7466309622738547,0.0049192467285262,-0.7850567575181675,-1.5920872479070247,-0.8997937044165216,-2.6090907247917743
1.7466309622738547,0.0049192467285262,-0.7981303686323735,-1.6224215577952612,-0.8598188307135367,-2.7488597245340842
1.7466309622738547,0.0049192467285262,-0.8024454743707501,-1.6183051888225197,-0.8822368188357603,-2.718893140004024
1.7466309622738547,0.0049192467285262,-0.8224207883718386,-1.635082286300479,-0.9784072265087198,-2.6743404221890357
1.7466309622738547,0.0049192467285262,-0.8436323355124309,-1.6715520355710611,-1.0052552588437913,-2.7543850296351726
1.7466309622738547,0.0049192467285262,-0.8296419660814247,-1.5975403401546533,-0.9665301206443552,-2.6852156288758056
1.7466309622738547,0.0049192467285262,-0.8325694656066654,-1.6304205844222563,-0.967844827308584,-2.7716321979672025
1.7466309622738547,0.0049192467285262,-0.8063575599697699,-1.5796260151823625,-0.9377444906073796,-2.6705626007721053
1.7466309622738547,0.0049192467285262,-0.8092771028106731,-1.6027311182272015,-0.902962743953458,-2.73899165548998
1.7466309622738547,0.0049192467285262,-0.7764330005140972,-1.5409542422944396,-0.8851534779171168,-2.6212093705668487
1.7466309622738547,0.0049192467285262,-0.7873853742748927,-1.56822890604452,-0.9226383535047163,-2.6512589600742364
1.7466309622738547,0.0049192467285262,-0.7796425651038705,-1.5570870371290884,-0.974763956950528,-2.5571997997128486
1.7466309622738547,0.0049192467285262,-0.7229338179321959,-1.4187589744395728,-0.8333211641716479,-2.439148526648419
1.7466309622738547,0.0049192467285262,-0.7736382304485904,-1.5349515963224327,-0.8368860689691647,-2.6757512452564667
1.7466309622738547,0.0049192467285262,-0.7379033420572182,-1.4532131566219446,-0.750060475868271,-2.583595371913736
1.7466309622738547,0.0049192467285262,-0.6989259226114501,-1.3526744782628821,-0.7321353362504538,-2.41875163700242
1.7466309622738547,0.0049192467285262,-0.738456142020706,-1.4100670541455187,-0.7808439667078881,-2.544238141207247
1.7466309622738547,0.0049192467285262,-0.7045667576164216,-1.356229152617634,-0.7409453433631478,-2.4427895010037943
1.7466309622738547,0.0049192467285262,-0.6379878383690403,-1.211633338923352,-0.7056498086714335,-2.128896203757064
1.7466309622738547,0.0049192467285262,-0.6648651035280808,-1.2638916904894886,-0.7465164044154466,-2.28795601707704
1.7466309622738547,0.0049192467285262,-0.7006620433656646,-1.3481957090186412,-0.7441417018304423,-2.568713267450284
1.7466309622738547,0.0049192467285262,-0.6983010989301787,-1.3481620427685648,-0.7763942967901363,-2.5950252043018533
1.7466309622738547,0.0049192467285262,-0.6842513801507522,-1.3435402105483671,-0.8608085794991723,-2.4881130919074694
1.7466309622738547,0.0049192467285262,-0.6569865105736618,-1.2900694531624135,-0.8261121582862833,-2.4470903415683822
1.7466309622738547,0.0049192467285262,-0.6444901457090674,-1.2205243964398105,-0.8787449081852232,-2.316781795984397
1.7466309622738547,0.0049192467285262,-0.7240342979148018,-1.3953289886914673,-0.9600454703777056,-2.6137040824359064
1.7466309622738547,0.0049192467285262,-0.7175707165284251,-1.380402595668604,-1.08331089795753,-2.552215084420955
1.7466309622738547,0.0049192467285262,-0.7284146135561222,-1.3827114034244996,-1.114108672461957,-2.678692366330001
1.7466309622738547,0.0049192467285262,-0.6619371007458117,-1.1952434249984896,-1.038405190124238,-2.611108134904665
1.7466309622738547,0.0049192467285262,-0.6251722361389559,-1.1513120787401332,-1.1134020064123418,-2.3796109520585054
1.7466309622738547,0.0049192467285262,-0.6019258111614497,-1.1089620341613142,-1.1023288716028463,-2.3705717917954443
1.7466309622738547,0.0049192467285262,-0.6386702043012871,-1.1448847556806943,-1.2054854178924437,-2.397575350670037
1.7466309622738547,0.0049192467285262,-0.5906892816300559,-1.063623642607352,-1.184350434235586,-2.364538550973172
1.7466309622738547,0.0049192467285262,-0.6223384937531563,-1.116862150800756,-1.3577545469096148,-2.368084317514617
1.7466309622738547,0.0049192467285262,-0.6115787029936006,-1.085212200757254,-1.4944421064071898,-2.267358349970283
1.7466309622738547,0.0049192467285262,-0.7461473705389611,-1.4215458997282855,-1.6673541767768147,-3.077615481505753
1.7466309622738547,0.0049192467285262,-0.7422463389682582,-1.387589031499278,-1.7319580434871793,-3.0894051891641934
1.7466309622738547,0.0049192467285262,-0.6939779417662124,-1.3021943901110546,-1.7785309880739324,-2.9956692969877663
1.7466309622738547,0.0049192467285262,-0.6808377204983019,-1.2998595994092348,-1.831496014830694,-3.0472806515651127
1.7466309622738547,0.0049192467285262,-0.6573774150900635,-1.2760393525341995,-1.8379481172538976,-2.689571749808216
1.7466309622738547,0.0049192467285262,-0.6673745657374318,-1.2804093021574985,-1.8847981925974044,-2.8671054199663426
1.7466309622738547,0.0049192467285262,-0.6382929956230536,-1.234786169791594,-1.8784808391035883,-2.9460721555312506
1.7466309622738547,0.0049192467285262,-0.6510706955941473,-1.3018180554988907,-1.8810824762185152,-3.226572733804971
1.7466309622738547,0.0049192467285262,-0.6298564524796036,-1.2303842306782573,-1.9744146770811544,-3.1033860833394566
1.7466309622738547,0.0049192467285262,-0.5847906740884448,-1.128912582192909,-1.9856446308212248,-2.81599303745512
1.7466309622738547,0.0049192467285262,-0.5466120928082091,-1.065058118318168,-1.9898678817162736,-2.7804275855303846
1.7466309622738547,0.0049192467285262,-0.5422368016888078,-1.0669929334172512,-2.002859008244196,-3.0548026320592894
1.7466309622738547,0.0049192467285262,-0.510654512939331,-0.9929439347780146,-1.9723898334273728,-2.9779817480721924
1.7466309622738547,0.0049192467285262,-0.5244204666819166,-1.016210195893797,-2.0144486230112686,-3.194011980888962
1.7466309622738547,0.0049192467285262,-0.5553210072268098,-1.0588132483964043,-2.0474568442922463,-3.595299900178248
1.7466309622738547,0.0049192467285262,-0.526180262208755,-1.0308399910150017,-2.0262682624650217,-3.6536885299215216
1.7466309622738547,0.0049192467285262,-0.564570740189064,-1.1078540053139243,-2.096543710130191,-3.643867667209429
1.7466309622738547,0.0049192467285262,-0.5705090083896655,-1.105164915325088,-2.0767517480936046,-3.630554058404108
1.7466309622738547,0.0049192467285262,-0.5400141668837779,-1.0841139993423416,-2.0331653236055915,-3.657582026090288
1.7466309622738547,0.0049192467285262,-0.527089090319081,-1.0702228768147601,-1.992511913111778,-3.776464080265296
1.7466309622738547,0.0049192467285262,-0.4066144073075954,-0.8615344471539572,-1.7503720715707751,-3.3313329588028164
1.7466309622738547,0.0049192467285262,-0.4183539844171109,-0.8700691520021475,-1.7037970844470731,-3.1889257412105643
1.7466309622738547,0.0049192467285262,-0.4617542728796132,-0.9643729734318084,-1.804085376424924,-3.4541437812027174
1.7466309622738547,0.0049192467285262,-0.4747756123892951,-0.9524132630152282,-1.7163627868250644,-3.301665315946208
1.7466309622738547,0.0049192467285262,-0.5554257672245188,-1.0951900359988544,-1.862747489525728,-3.468865797808588
1.7466309622738547,0.0049192467285262,-0.5188883439371028,-1.0647296496959149,-1.8021104284080287,-3.3106213215575644
1.7466309622738547,0.0049192467285262,-0.4924776706893409,-1.0192535603240231,-1.682013709765528,-3.360481113942648
1.7466309622738547,0.0049192467285262,-0.5549032404848536,-1.1667737267474552,-1.8614592348063663,-3.559372855451256
1.7466309622738547,0.0049192467285262,-0.556631515782879,-1.151816062469136,-1.7905612212822406,-3.413736428104512
1.7466309622738547,0.0049192467285262,-0.5962730721926214,-1.23102583229485,-1.8507874656811172,-3.5872054997373537
1.7466309622738547,0.0049192467285262,-0.6044051868892961,-1.2597820672431088,-1.9042949615824047,-3.5387401189979
1.7466309622738547,0.0049192467285262,-0.6406012495429051,-1.2988854167544976,-2.0202935631847563,-3.7737011419330866
1.7466309622738547,0.0049192467285262,-0.7097776098818936,-1.4469029945017713,-2.238852928546745,-4.080763493472047
1.7466309622738547,0.0049192467285262,-0.7184362968465849,-1.464312039540476,-2.197967400872631,-3.923090935561236
1.7466309622738547,0.0049192467285262,-0.7075058594152787,-1.4212331372295075,-2.13534295956976,-3.844482637350757
1.7466309622738547,0.0049192467285262,-0.660774243408685,-1.338600502337426,-2.0667251637603714,-3.706493955701718
1.7466309622738547,0.0049192467285262,-0.6851395542166053,-1.399103402253263,-2.12522713053809,-3.8081245569837434
1.7466309622738547,0.0049192467285262,-0.6807485472362259,-1.3741112291967548,-2.1255470045495564,-3.975240678659586
1.7466309622738547,0.0049192467285262,-0.6371849389781269,-1.2875532781204595,-1.9779585635324672,-3.642202302724445
1.7466309622738547,0.0049192467285262,-0.6255554654850937,-1.2716770810525928,-2.0142029538500794,-3.9323683290262696
1.7466309622738547,0.0049192467285262,-0.5874864922531129,-1.1948891708014675,-1.8701999537064928,-3.475747476813134
1.7466309622738547,0.0049192467285262,-0.6222719806625909,-1.2684356813167568,-1.981514439777164,-3.662553270786793
1.7466309622738547,0.0049192467285262,-0.6478889414406265,-1.3189822556285773,-2.0612375230468887,-3.807459375587825
1.7466309622738547,0.0049192467285262,-0.614677609828635,-1.2653236367764467,-1.8865371428364488,-3.4942530523353876
1.7466309622738547,0.0049192467285262,-0.6051652462638267,-1.2484529878189186,-1.8402944425347745,-3.469342537998671
1.7466309622738547,0.0049192467285262,-0.6456534560992911,-1.358474422453694,-2.0428854485160888,-3.912729311445229
1.7466309622738547,0.0049192467285262,-0.6340670040344517,-1.2844851480123096,-1.893983642914584,-3.5898456806107726
1.7466309622738547,0.0049192467285262,-0.6630530441827645,-1.3220192614850093,-2.0392407787640408,-3.894836407455664
1.7466309622738547,0.0049192467285262,-0.6827214759214184,-1.3450878465007772,-2.0574427015064143,-3.8373873526255906
1.7466309622738547,0.0049192467285262,-0.6833159878641112,-1.3748636444834836,-2.131978842645121,-3.8729538111429895
1.7466309622738547,0.0049192467285262,-0.6259927345836314,-1.26861006193447,-1.9387238553636303,-3.7255359712540232
1.7466309622738547,0.0049192467285262,-0.6471110278532634,-1.3077397439781124,-1.9858681690090152,-3.69297378723698
1.7466309622738547,0.0049192467285262,-0.6301711806651246,-1.3121656877669645,-2.0189826122096,-3.841974292212244
1.7466309622738547,0.0049192467285262,-0.6132827108804859,-1.2415445685306037,-1.8898544608374408,-3.498062068098436
1.7466309622738547,0.0049192467285262,-0.6094380948617047,-1.275261821522346,-1.9502998051104408,-3.6631759292883457
1.7466309622738547,0.0049192467285262,-0.6275598358717939,-1.2866132957960972,-1.9579370482707077,-3.7683651346049216
1.7466309622738547,0.0049192467285262,-0.614075920449271,-1.26013873691677,-1.9655045991460356,-3.770000180758788
1.7466309622738547,0.0049192467285262,-0.6760451426556168,-1.3729465837691175,-2.109169515600636,-3.84417267695012
1.7466309622738547,0.0049192467285262,-0.7061641106075769,-1.439883811857842,-2.2107406414426243,-3.971636321823328
1.7466309622738547,0.0049192467285262,-0.6259616460064276,-1.243536302435768,-1.8990998571048123,-3.5710825423173254
1.7466309622738547,0.0049192467285262,-0.6506438567804751,-1.301912582509556,-1.992747271450036,-3.809219516068527
1.7466309622738547,0.0049192467285262,-0.6390134787090272,-1.289588372743517,-1.96009986409248,-3.692906292070664
1.7466309622738547,0.0049192467285262,-0.6698004914042385,-1.3578414229591962,-2.1224557794698495,-3.9818040615121526
1.7466309622738547,0.0049192467285262,-0.625192417328131,-1.256923474424988,-1.9732916779237848,-3.5390077512036626
1.7466309622738547,0.0049192467285262,-0.6547864953633719,-1.334338212981783,-2.017372318327016,-3.698592448566236
1.7466309622738547,0.0049192467285262,-0.6669526892802768,-1.3447753797760285,-2.0258030667824585,-3.756239477508617
1.7466309622738547,0.0049192467285262,-0.6147351591757066,-1.2256506200847408,-1.8510692016971135,-3.532267732298654
1.7466309622738547,0.0049192467285262,-0.6395925124414548,-1.2963311002114697,-1.9130018513482063,-3.519717514056421
1.7466309622738547,0.0049192467285262,-0.6728187115403605,-1.329988200997544,-1.9230420760739368,-3.5743529199188946
1.7466309622738547,0.0049192467285262,-0.6780678311345469,-1.3705271586669638,-2.016815716790748,-3.7872059684434687
1.7466309622738547,0.0049192467285262,-0.6905238653004594,-1.3899787031125752,-2.0814881716149327,-3.8276718038303734
1.7466309622738547,0.0049192467285262,-0.6749110877441817,-1.38716703501452,-2.084701708707464,-3.9063716181665007
1.7466309622738547,0.0049192467285262,-0.6817849163800146,-1.3589444461944382,-2.0364192828689274,-3.7708568745622566
1.7466309622738547,0.0049192467285262,-0.699063231023129,-1.4122342458226809,-2.117820260784329,-3.929175654346372
1.7466309622738547,0.0049192467285262,-0.6648801324618516,-1.3642082702400955,-2.088509226302501,-3.88226368445274
1.7466309622738547,0.0049192467285262,-0.6687674731321476,-1.3382364155738982,-2.020619602307915,-3.7410113656890176
1.7466309622738547,0.0049192467285262,-0.6871389991416039,-1.3974595641785632,-2.1232389609322198,-3.950149954857748
1.7466309622738547,0.0049192467285262,-0.6835296311900643,-1.3543665357330748,-1.9780481785782555,-3.599118479705413
1.7466309622738547,0.0049192467285262,-0.6869182589560533,-1.3833370244557068,-2.051690439449684,-3.801692114711916
1.7466309622738547,0.0049192467285262,-0.644602655539075,-1.3151163719164047,-1.9415837769413693,-3.590738713279528
1.7466309622738547,0.0049192467285262,-0.6256095768218208,-1.3006921532971507,-1.951512242292203,-3.626750332130411
1.7466309622738547,0.0049192467285262,-0.6333143361528243,-1.3120703580853983,-1.9721659562608125,-3.7031166238600632
1.7466309622738547,0.0049192467285262,-0.6443245523855953,-1.291746417687616,-1.9343571551281185,-3.60126116442904
1.7466309622738547,0.0049192467285262,-0.660344081867347,-1.3662164715151917,-2.050082704352745,-3.8282749126325286
1.7466309622738547,0.0049192467285262,-0.6568315629854086,-1.3364047881832732,-2.0156361249490313,-3.769597619024831
1.7466309622738547,0.0049192467285262,-0.6392990252440356,-1.302287135432068,-1.9519542153068477,-3.631380833044812
1.7466309622738547,0.0049192467285262,-0.6185022391669295,-1.267848607923053,-1.920002478427587,-3.6029099687910353
1.7466309622738547,0.0049192467285262,-0.6189392124041969,-1.3150855249843911,-2.0012440316934823,-3.7731456303727007
1.7466309622738547,0.0049192467285262,-0.6295810197693373,-1.3070673020562087,-1.978348977072788,-3.7142640936876865
1.7466309622738547,0.0049192467285262,-0.6326196160781341,-1.3341715678571735,-2.0257184136575086,-3.7819120323086017
1.7466309622738547,0.0049192467285262,-0.6602864014986856,-1.324142268329825,-1.9812725408003289,-3.668170483431708
1.7466309622738547,0.0049192467285262,-0.6501859592465771,-1.3610952781596781,-2.074728718643907,-3.917918459052795
1.7466309622738547,0.0049192467285262,-0.6931804425491394,-1.38112954929097,-2.0746829325535634,-3.9059602916790954
1.7466309622738547,0.0049192467285262,-0.6782565453806956,-1.3523356021757007,-2.02473434199049,-3.767802830186348
1.7466309622738547,0.0049192467285262,-0.6462412118567582,-1.3063029095840415,-1.964320801595164,-3.697398727302157
1.7466309622738547,0.0049192467285262,-0.6502718099789987,-1.3144668217816773,-1.9735502246511127,-3.701924507629095
1.7466309622738547,0.0049192467285262,-0.6828473078109403,-1.359261470229264,-2.0300080737689523,-3.749523571748176
1.7466309622738547,0.0049192467285262,-0.6917158003525389,-1.3996506944753422,-2.1053115193651375,-3.952314825615149
1.7466309622738547,0.0049192467285262,-0.6403719917216396,-1.2983700683791686,-1.953920475155802,-3.661625278590304
1.7466309622738547,0.0049192467285262,-0.6767356984556588,-1.3524621089311224,-2.0245678353148198,-3.7378297008773873
1.7466309622738547,0.0049192467285262,-0.6677126359541943,-1.3482811328518347,-2.024818136507528,-3.780024973703591
1.7466309622738547,0.0049192467285262,-0.6784400470032509,-1.3580698522802988,-2.0402473048873655,-3.823799180002071
1.7466309622738547,0.0049192467285262,-0.6956580077541769,-1.3702343409497044,-2.04539904594324,-3.7965994933898264
1.7466309622738547,0.0049192467285262,-0.6948986445738975,-1.3437114331663642,-1.988356183631292,-3.657951362824479
1.7466309622738547,0.0049192467285262,-0.7031439136713002,-1.3838142724153633,-2.059536058832729,-3.7789280738736446
1.7466309622738547,0.0049192467285262,-0.6869625716458797,-1.3490428166725372,-2.00606037580122,-3.7262762793173607
1.7466309622738547,0.0049192467285262,-0.668318105319679,-1.3447466246830841,-2.016523882493877,-3.716159412935757
1.7466309622738547,0.0049192467285262,-0.6397897627282342,-1.3221745667156142,-2.0025426508335378,-3.7438258601251655
1.7466309622738547,0.0049192467285262,-0.6198904477053919,-1.2966129777744047,-1.9678288645008184,-3.7042724845789583
1.7466309622738547,0.0049192467285262,-0.6718524691393041,-1.3494436173408657,-2.021555545478576,-3.8099132632891024
1.7466309622738547,0.0049192467285262,-0.6665459513737917,-1.3421242878939985,-2.0151865498310686,-3.754309902096865
1.7466309622738547,0.0049192467285262,-0.6837422024957549,-1.3808246520436784,-2.073808166489824,-3.8583020959768506
1.7466309622738547,0.0049192467285262,-0.6477197648364633,-1.309152398952782,-1.9666661561846437,-3.651007572990288
1.7466309622738547,0.0049192467285262,-0.6859537302637887,-1.393502344738185,-2.089832488826478,-3.892239012110024
1.7466309622738547,0.0049192467285262,-0.6691755392330353,-1.3362814482698984,-2.000757070941772,-3.7034770090761087
1.7466309622738547,0.0049192467285262,-0.6733428519414774,-1.3470776369043953,-2.0245975401651544,-3.7478861826208743
1.7466309622738547,0.0049192467285262,-0.6569144612474634,-1.303401546263386,-1.9445203267792888,-3.603391360677633
1.7466309622738547,0.0049192467285262,-0.6800409113579273,-1.3955983601468367,-2.108521078059707,-3.947018712222152
1.7466309622738547,0.0049192467285262,-0.6931622429979373,-1.39902183283968,-2.0994350100121326,-3.8873747346900496
1.7466309622738547,0.0049192467285262,-0.6636544763409534,-1.3473980529124763,-2.0304819069055067,-3.758460978668772
1.7466309622738547,0.0049192467285262,-0.6728019002748818,-1.3411022154221497,-2.0088924099598486,-3.7364543276900775
1.7466309622738547,0.0049192467285262,-0.692136272159981,-1.3924838596742597,-2.0876700089353744,-3.877170241338211
1.7466309622738547,0.0049192467285262,-0.6584439403724585,-1.3575409158604652,-2.064061619406291,-3.8015960419096246
1.7466309622738547,0.0049192467285262,-0.6704778314323603,-1.3487067092384974,-2.0204077033181655,-3.717263611514281
1.7466309622738547,0.0049192467285262,-0.6891126202772176,-1.3705672336243575,-2.0373531884864904,-3.7975223818960497
1.7466309622738547,0.0049192467285262,-0.6529696919861206,-1.3282671856052024,-1.9995162392589247,-3.7440307190601905
1.7466309622738547,0.0049192467285262,-0.6469634128984072,-1.3483633088535316,-2.051113227135353,-3.847914557778037
1.7466309622738547,0.0049192467285262,-0.6720136965678086,-1.3500170075074973,-2.0156141884633154,-3.716776963883493
1.7466309622738547,0.0049192467285262,-0.6757827847443099,-1.3576997893883052,-2.033950357691433,-3.7245849782422993
1.7466309622738547,0.0049192467285262,-0.662958552252798,-1.3502992243103784,-2.0452990609327006,-3.803191628357868
1.7466309622738547,0.0049192467285262,-0.6680825983507998,-1.3394304755579596,-2.0125512127539777,-3.7118299047302425
1.7466309622738547,0.0049192467285262,-0.6726206927169838,-1.3567375323981208,-2.0462670600967923,-3.805004988993828
1.7466309622738547,0.0049192467285262,-0.6588706533653372,-1.337296668251143,-2.016092649694369,-3.7541704145590047
1.7466309622738547,0.0049192467285262,-0.6682655452258939,-1.341735672642261,-2.011689163074653,-3.780048495407048
1.7466309622738547,0.0049192467285262,-0.6716974563341032,-1.3572465584611473,-2.038811138906182,-3.8098816961942297
1.7466309622738547,0.0049192467285262,-0.6624131735333519,-1.3166172584935485,-1.9636751586022945,-3.679128063816904
1.7466309622738547,0.0049192467285262,-0.690651195891128,-1.3776685380728535,-2.056715717162064,-3.8313251170014615
1.7466309622738547,0.0049192467285262,-0.6654878987605225,-1.3182597273378385,-1.9640188408046568,-3.6336105440171966
1.7466309622738547,0.0049192467285262,-0.6788843867293978,-1.3552685628518069,-2.0236514459037194,-3.7643340570527584
1.7466309622738547,0.0049192467285262,-0.6768702080206548,-1.3810231781392337,-2.0762354376598378,-3.855080421002032
1.7466309622738547,0.0049192467285262,-0.6540647278315102,-1.3456520148083666,-2.03661701392149,-3.818879066569073
1.7466309622738547,0.0049192467285262,-0.6950338254364493,-1.3945687661903103,-2.0884613789639914,-3.8667974853704288
1.7466309622738547,0.0049192467285262,-0.6547924779651407,-1.334457911577672,-2.0073490679612207,-3.756790028451423
1.7466309622738547,0.0049192467285262,-0.6797910894298,-1.3769486427436273,-2.0634390008860954,-3.844331274709524
1.7466309622738547,0.0049192467285262,-0.6410588950328195,-1.287616393347766,-1.927281702940722,-3.6182058644769226
1.7466309622738547,0.0049192467285262,-0.6548626648651797,-1.332217195969546,-2.0021630799396632,-3.7367284102325407
1.7466309622738547,0.0049192467285262,-0.6595441054607043,-1.342206769584273,-2.0242333709349656,-3.774391751030647
1.7466309622738547,0.0049192467285262,-0.6636863127421095,-1.3568332614629235,-2.042804750502905,-3.8364605798331888
1.7466309622738547,0.0049192467285262,-0.6717279775077373,-1.3750424958628549,-2.0764078569898774,-3.841323744312489
1.7466309622738547,0.0049192467285262,-0.6458644958879127,-1.3294523351162848,-2.006451138333925,-3.7938251567364745
1.7466309622738547,0.0049192467285262,-0.6538665159674293,-1.3168757019981865,-1.9654155810465972,-3.717037326384365
1.7466309622738547,0.0049192467285262,-0.6830474683739922,-1.3704164241408532,-2.0398326752770277,-3.818160259419307
1.7466309622738547,0.0049192467285262,-0.6609566981310084,-1.3371466212499843,-2.0097198821620808,-3.768906506894248
1.7466309622738547,0.0049192467285262,-0.6509958298210607,-1.3173939728450967,-1.9731209349521217,-3.7257379318887223
1.7466309622738547,0.0049192467285262,-0.6695405726751089,-1.3346644253382625,-1.9837490006122007,-3.745244827112668
1.7466309622738547,0.0049192467285262,-0.659171661973741,-1.3246687806613182,-1.9861325266366705,-3.725421129649976
1.7466309622738547,0.0049192467285262,-0.6385818656176583,-1.2916127400880144,-1.9418098234169847,-3.6231058479137386
1.7466309622738547,0.0049192467285262,-0.6744875550879391,-1.3620621091913343,-2.043263879631163,-3.7908529196545433
1.7466309622738547,0.0049192467285262,-0.6621422294542404,-1.3363122849996123,-1.9981008894914287,-3.720842569877216
1.7466309622738547,0.0049192467285262,-0.6709694873952308,-1.3622368338346127,-2.043825893371272,-3.7929786580389697
1.7466309622738547,0.0049192467285262,-0.6565455455330947,-1.3200374105019796,-1.9795602366837184,-3.6775530088056207
1.7466309622738547,0.0049192467285262,-0.6696120057537158,-1.3604001977813376,-2.04768034574711,-3.8279210107913246
1.7466309622738547,0.0049192467285262,-0.6597868121102567,-1.3390088305524663,-2.0266344224312793,-3.784932148275759
1.7466309622738547,0.0049192467285262,-0.6553787226756692,-1.3380639288798233,-2.017599731275664,-3.778675954911311
1.7466309622738547,0.0049192467285262,-0.6503683153056595,-1.3219619042426016,-1.9884133964249484,-3.7183204603726288
1.7466309622738547,0.0049192467285262,-0.6728571306956784,-1.3572042970989693,-2.0369273308788327,-3.769614884949256
1.7466309622738547,0.0049192467285262,-0.6748972499906898,-1.3589430299255167,-2.0413618551161403,-3.81403575842092
1.7466309622738547,0.0049192467285262,-0.6599458720249931,-1.3426583124121236,-2.020565704867828,-3.792204547116608
1.7466309622738547,0.0049192467285262,-0.6575189185351222,-1.3383685299929144,-2.0062961156381016,-3.7643818070290784
1.7466309622738547,0.0049192467285262,-0.67366929056528,-1.3610989264615554,-2.0514827661422275,-3.8263287449227086
1.7466309622738547,0.0049192467285262,-0.6701452489461428,-1.349730577276392,-2.015021074362368,-3.752198479378443
1.7466309622738547,0.0049192467285262,-0.6564139564740705,-1.3310544704546012,-1.9989780170666056,-3.7388656028844665
1.7466309622738547,0.0049192467285262,-0.6594778415188965,-1.333280995133874,-2.0060126734085526,-3.7526308019259464
1.7466309622738547,0.0049192467285262,-0.6617446629412217,-1.3476257987455809,-2.0363387814852,-3.788656651966307
1.7466309622738547,0.0049192467285262,-0.6673362006326728,-1.3514373584672017,-2.02836870649579,-3.7480004293133433
1.7466309622738547,0.0049192467285262,-0.6528607964427903,-1.33245579944268,-2.0071408601018064,-3.720224506273872
1.7466309622738547,0.0049192467285262,-0.6582113025796894,-1.3301475046219602,-1.9984012039358248,-3.7410925969535858
1.7466309622738547,0.0049192467285262,-0.6585613023312799,-1.3394112961887454,-2.0136483782008443,-3.7532919055213214
1.7466309622738547,0.0049192467285262,-0.6574110811953385,-1.3322208096281247,-2.006826941338857,-3.7325325559833886
1.7466309622738547,0.0049192467285262,-0.6612777232209586,-1.3457493327050796,-2.025385151933228,-3.807678171796528
1.7466309622738547,0.0049192467285262,-0.6591654006702571,-1.3321440598506735,-2.0026313056060427,-3.7455097178417183
1.7466309622738547,0.0049192467285262,-0.6580803197785754,-1.3301718120126416,-2.000045104730911,-3.718005950942689
1.7466309622738547,0.0049192467285262,-0.6654862507761741,-1.343891594286529,-2.0191902614358512,-3.780642208937896
1.7466309622738547,0.0049192467285262,-0.6668354852823808,-1.3468346444040067,-2.024045566689048,-3.7783445221483
1.7466309622738547,0.0049192467285262,-0.6661807927407478,-1.3521072697112513,-2.0294564077978223,-3.802722699670304
1.7466309622738547,0.0049192467285262,-0.6575265660601833,-1.34109039447601,-2.0315358670789734,-3.7964213267940554
1.7466309622738547,0.0049192467285262,-0.6745474392620319,-1.3591973107728255,-2.038640394781693,-3.7917305911674695
1.7466309622738547,0.0049192467285262,-0.6652968575731423,-1.33989169864123,-2.005864780281625,-3.7469800821118873
1.7466309622738547,0.0049192467285262,-0.6647154716303052,-1.3470208073252523,-2.0162573725830106,-3.754424010840305
1.7466309622738547,0.0049192467285262,-0.6647154716303052,-1.3449436394793175,-2.023375533508472,-3.761864120210096
1.7466309622738547,0.0049192467285262,-0.6585194299081367,-1.337828071623289,-2.0153895128033974,-3.7485180149642385
1.7466309622738547,0.0049192467285262,-0.6551392801277804,-1.3310874007717473,-2.0077572829689654,-3.7518009488188406
1.7466309622738547,0.0049192467285262,-0.6666087667396777,-1.3537080202324008,-2.0344080920608767,-3.7968617770936928
1.7466309622738547,0.0049192467285262,-0.6599102410899527,-1.3391523440321202,-2.022431636658355,-3.770546657230656
1.7466309622738547,0.0049192467285262,-0.6700233081413804,-1.3606622991461599,-2.041619153773084,-3.781503574185308
1.7466309622738547,0.0049192467285262,-0.6577370919191163,-1.3356789637559403,-2.012787579946382,-3.7650074186642337
1.7466309622738547,0.0049192467285262,-0.6684039798867574,-1.3514754471560348,-2.0217382660745606,-3.751184632356612
1.7466309622738547,0.0049192467285262,-0.6644427741099905,-1.3468425171481428,-2.0220376806706666,-3.775803162995435
1.7466309622738547,0.0049192467285262,-0.6577978662149149,-1.334964071067148,-2.012514272732703,-3.765356814162841
1.7466309622738547,0.0049192467285262,-0.6712834529341316,-1.359751769151479,-2.0461512238432813,-3.8011771118933098
1.7466309622738547,0.0049192467285262,-0.6685474168162925,-1.3513489424612037,-2.0314972696970335,-3.7806125126817545
1.7466309622738547,0.0049192467285262,-0.6655940832199047,-1.3498806883330023,-2.0283839013481426,-3.7816614893762193
1.7466309622738547,0.0049192467285262,-0.6705058419463598,-1.3524387179049884,-2.030855308165447,-3.7763923417212455
1.7466309622738547,0.0049192467285262,-0.6634413174546842,-1.346180367338719,-2.0246513717087438,-3.7767488717465008
1.7466309622738547,0.0049192467285262,-0.664221189580175,-1.34910150835507,-2.0317133610734905,-3.783010631276393
1.7466309622738547,0.0049192467285262,-0.6644987098987301,-1.3447375860746658,-2.019416534293504,-3.757655336396603
1.7466309622738547,0.0049192467285262,-0.6716776265736643,-1.3614631669342605,-2.0427486504788384,-3.8070848922356415
1.7466309622738547,0.0049192467285262,-0.6640689191881424,-1.3415578948840727,-2.0147172598529184,-3.758348580622159
1.7466309622738547,0.0049192467285262,-0.660895275756903,-1.3403901816724524,-2.018785976691618,-3.768093587136826
1.7466309622738547,0.0049192467285262,-0.6662133615904438,-1.3495185312542268,-2.0234213579276017,-3.7645954277610567
1.7466309622738547,0.0049192467285262,-0.6678168856822317,-1.3529200070448737,-2.0304956548712925,-3.778521158156768
1.7466309622738547,0.0049192467285262,-0.6683590472200516,-1.3524508455681064,-2.0325047736559902,-3.7849192638163167
1.7466309622738547,0.0049192467285262,-0.6631614730513042,-1.3445992925635732,-2.01961412272278,-3.768782828773809
1.7466309622738547,0.0049192467285262,-0.6607167548415693,-1.3373785181329962,-2.010864502340061,-3.7501202824464808
1.7466309622738547,0.0049192467285262,-0.6609011919411883,-1.3411502001732887,-2.0211927743131586,-3.7691355721151014
1.7466309622738547,0.0049192467285262,-0.6615816872584459,-1.3408439330794113,-2.0159917635165723,-3.7630654853298338
1.7466309622738547,0.0049192467285262,-0.6644132637677737,-1.344742578367502,-2.020954313165048,-3.767305708063616
1.7466309622738547,0.0049192467285262,-0.6648496037188242,-1.3470828388099472,-2.023008697984378,-3.7711217002403328
1.7466309622738547,0.0049192467285262,-0.6635810939012055,-1.3435777246764504,-2.0178677571440895,-3.76159966360118
1.7466309622738547,0.0049192467285262,-0.6662838269356228,-1.3479501437852803,-2.023894317417426,-3.77096758638616
1.7466309622738547,0.0049192467285262,-0.6642502671367738,-1.3454022859837336,-2.021018242593589,-3.7664510871614896
1.7466309622738547,0.0049192467285262,-0.6652329593821003,-1.3475165049524451,-2.0242486339555894,-3.7731498867247386
1.7466309622738547,0.0049192467285262,-0.6660387446701745,-1.3486596709776923,-2.0257229976521347,-3.7757236448982257
1.7466309622738547,0.0049192467285262,-0.6660387446701745,-1.3487413039231029,-2.0258119005598174,-3.7735971283314425
1.7466309622738547,0.0049192467285262,-0.6658438311336782,-1.3486098397584738,-2.027529208117381,-3.7796651757442623
